PersonaID,Age,Income,Sex,Employment,Budget,TopRated,budget_tightness,Age_num,Income_num,Sex_num,CityFam_num,start_latitude,start_longitude,openness,conscientiousness,extraversion,agreeableness,neuroticism,maximization,trust_platforms,algorithmic_awareness,autonomy_preference,local_leisure_frequency,overnight_trip_frequency,spontaneity_share,city_familiarity,follow_through_friend,follow_through_platform,follow_through_ai,cross_platform_search,price_filter_tendency,group_coordination_preference,popularity_herding,unexpected_discovery,social_posting,multi_platform_parallel,ai_itinerary_comfort,explanation_needed,objective_algorithmic_literacy,Education,Education_num,RaceEthnicity,HomeLanguage,CensusRegion,CensusDivision,ResidenceLength,ResidenceLength_num,LeisureSpend,LeisureSpend_num,scenario,Autonomy_Control,Platform_Comfort
SYNTHETIC-0000,25-34,"Under $25,000",Male,Employed part-time,low,yes,3.438,2,1,1,3,,,4.533,3.474,4.999,3.896,4.443,4.796,3.935,5.445,3.551,2.963,4.698,3.041,1.527,5.342,3.993,3.418,1.307,3.817,3.737,5.051,3.269,3.738,6.62,2.634,4.705,0.384,Bachelor's degree,4,Not reported,English,Northeast,Middle Atlantic,3-5 years,4,$100-199,3.0,demo,4.0,4.0
SYNTHETIC-0001,55-64,"$150,000 - $199,999",Male,Employed part-time,high,yes,3.58,5,6,1,5,,,3.145,5.633,6.218,4.652,4.119,4.325,4.536,3.698,3.635,3.533,2.475,3.207,2.809,4.179,3.936,4.14,5.421,5.441,3.316,3.838,3.425,4.496,6.642,6.499,2.407,0.462,Bachelor's degree,4,Not reported,English,Northeast,Middle Atlantic,3-5 years,4,$100-199,3.0,demo,4.0,4.0
SYNTHETIC-0002,45-54,"$50,000 - $74,999",Male,Employed part-time,low,yes,4.172,4,3,1,5,,,3.997,4.386,3.42,5.13,4.956,3.775,5.337,3.136,3.631,6.206,8.349,2.836,2.653,3.531,2.874,5.042,5.122,3.697,5.489,5.536,3.277,3.879,5.86,6.025,3.854,0.615,Bachelor's degree,4,Not reported,English,Northeast,Middle Atlantic,3-5 years,4,$100-199,3.0,demo,4.0,4.0
SYNTHETIC-0003,55-64,"$150,000 - $199,999",Female,Retired,low,yes,5.252,5,6,1,1,,,3.462,1.713,4.082,2.055,4.801,3.625,3.8,5.716,4.701,2.4,4.827,4.011,1.839,4.558,3.99,3.721,3.689,4.31,3.356,2.04,4.308,4.903,2.431,4.615,4.722,0.78,Bachelor's degree,4,Not reported,English,Northeast,Middle Atlantic,3-5 years,4,$100-199,3.0,demo,4.0,4.0
SYNTHETIC-0004,65 or older,"$75,000 - $99,999",Female,Student,medium,no,5.449,6,4,1,1,,,1.832,2.897,3.474,4.873,2.873,5.957,3.221,2.361,3.089,4.202,5.823,1.955,3.561,2.087,4.554,4.748,1.507,2.54,3.733,2.178,3.889,6.59,6.372,6.344,5.048,0.49,Bachelor's degree,4,Not reported,English,Northeast,Middle Atlantic,3-5 years,4,$100-199,3.0,demo,4.0,4.0
SYNTHETIC-0005,35-44,"$200,000 or more",Female,Employed part-time,high,yes,3.899,3,7,1,4,,,5.544,6.392,4.6,4.916,4.73,4.18,3.489,3.092,1.285,6.327,3.346,3.636,2.195,4.326,2.503,4.348,3.674,5.578,3.833,5.592,4.443,3.927,3.321,3.683,4.576,0.333,Bachelor's degree,4,Not reported,English,Northeast,Middle Atlantic,3-5 years,4,$100-199,3.0,demo,4.0,4.0
SYNTHETIC-0006,45-54,"$100,000 - $149,000",Male,Unemployed and looking for work,high,yes,4.827,4,5,1,4,,,3.823,2.332,3.342,6.301,5.598,4.397,2.358,5.164,2.757,3.671,5.128,2.064,1.591,4.616,4.653,4.273,3.958,5.902,4.67,5.246,5.959,5.244,1.926,3.761,3.093,0.703,Bachelor's degree,4,Not reported,English,Northeast,Middle Atlantic,3-5 years,4,$100-199,3.0,demo,4.0,4.0
SYNTHETIC-0007,65 or older,"$75,000 - $99,999",Female,Unemployed and looking for work,low,yes,4.905,6,4,1,1,,,3.265,4.995,5.156,4.295,3.773,4.998,4.362,3.834,4.68,2.724,8.781,3.243,3.571,6.586,5.871,2.7,3.639,2.579,4.665,3.47,7.0,3.029,1.0,5.557,5.704,0.4,Bachelor's degree,4,Not reported,English,Northeast,Middle Atlantic,3-5 years,4,$100-199,3.0,demo,4.0,4.0
SYNTHETIC-0008,25-34,"$25,000 - $49,999",Female,Unemployed and looking for work,low,no,3.564,2,2,1,1,,,4.797,4.901,1.139,4.582,2.671,4.872,4.867,3.291,4.082,1.778,10.524,3.739,3.212,3.482,4.131,4.134,5.033,4.662,5.159,2.973,3.059,6.909,4.415,4.54,2.794,0.344,Bachelor's degree,4,Not reported,English,Northeast,Middle Atlantic,3-5 years,4,$100-199,3.0,demo,4.0,4.0
SYNTHETIC-0009,18-24,"$75,000 - $99,999",Male,Employed part-time,low,no,4.284,1,4,1,4,,,5.138,1.131,3.996,5.216,3.928,3.695,4.174,3.759,5.806,2.206,5.195,3.969,3.638,4.447,3.967,5.688,4.098,4.468,1.317,4.106,2.625,4.821,3.876,4.576,3.281,0.483,Bachelor's degree,4,Not reported,English,Northeast,Middle Atlantic,3-5 years,4,$100-199,3.0,demo,4.0,4.0
SYNTHETIC-0010,25-34,"Under $25,000",Female,Unemployed and looking for work,medium,no,2.725,2,1,1,5,,,4.107,4.306,4.523,2.513,6.865,2.912,3.158,4.445,2.557,2.806,9.66,3.795,2.593,2.609,3.099,3.176,3.01,3.154,4.609,5.998,4.443,3.821,2.438,3.595,4.164,0.363,Bachelor's degree,4,Not reported,English,Northeast,Middle Atlantic,3-5 years,4,$100-199,3.0,demo,4.0,4.0
SYNTHETIC-0011,45-54,"$150,000 - $199,999",Male,Retired,high,yes,4.42,4,6,1,2,,,3.563,3.788,3.636,3.958,4.517,3.773,3.519,3.976,5.282,2.98,3.379,3.494,3.708,5.791,3.49,2.343,7.0,5.876,2.908,3.95,5.416,2.214,3.543,5.503,4.921,0.361,Bachelor's degree,4,Not reported,English,Northeast,Middle Atlantic,3-5 years,4,$100-199,3.0,demo,4.0,4.0
SYNTHETIC-0012,35-44,"$100,000 - $149,000",Female,Unemployed and looking for work,medium,no,5.751,3,5,1,4,,,4.51,4.981,4.396,4.949,5.02,3.892,2.258,3.01,4.654,3.808,5.552,3.915,2.828,4.665,6.327,3.153,4.088,4.281,4.152,5.696,4.102,2.521,3.262,3.562,5.065,0.684,Bachelor's degree,4,Not reported,English,Northeast,Middle Atlantic,3-5 years,4,$100-199,3.0,demo,4.0,4.0
SYNTHETIC-0013,65 or older,"$100,000 - $149,000",Female,Retired,low,no,5.435,6,5,1,2,,,4.594,2.949,5.268,4.818,3.221,2.966,4.094,4.039,5.554,2.374,2.595,3.688,3.16,4.065,4.088,3.203,3.222,3.702,5.366,3.75,4.696,4.04,4.631,2.487,4.047,0.461,Bachelor's degree,4,Not reported,English,Northeast,Middle Atlantic,3-5 years,4,$100-199,3.0,demo,4.0,4.0
SYNTHETIC-0014,65 or older,"Under $25,000",Male,Employed part-time,high,yes,2.884,6,1,1,1,,,4.609,4.624,3.343,4.324,4.245,3.831,6.176,3.032,3.987,6.539,6.499,2.827,4.232,4.984,2.538,5.082,3.397,3.578,2.996,5.137,5.141,2.975,3.772,3.323,3.781,0.372,Bachelor's degree,4,Not reported,English,Northeast,Middle Atlantic,3-5 years,4,$100-199,3.0,demo,4.0,4.0
SYNTHETIC-0015,25-34,"$200,000 or more",Female,Student,medium,yes,3.638,2,7,1,5,,,4.594,3.159,2.445,4.065,4.953,5.158,2.211,5.047,3.745,3.769,4.803,4.909,2.307,2.183,3.088,3.877,3.014,4.109,2.499,5.95,5.43,2.845,6.987,4.837,5.946,0.943,Bachelor's degree,4,Not reported,English,Northeast,Middle Atlantic,3-5 years,4,$100-199,3.0,demo,4.0,4.0
SYNTHETIC-0016,65 or older,"$75,000 - $99,999",Female,Retired,medium,yes,4.981,6,4,1,4,,,2.635,2.886,2.816,3.396,5.572,5.231,4.827,1.363,4.183,0.899,5.749,2.239,2.691,2.783,3.756,4.205,4.348,3.954,3.898,2.671,2.813,2.403,3.683,5.35,4.984,0.379,Bachelor's degree,4,Not reported,English,Northeast,Middle Atlantic,3-5 years,4,$100-199,3.0,demo,4.0,4.0
SYNTHETIC-0017,55-64,"$50,000 - $74,999",Female,"Not in the labor force (e.g., homemaker, caregiver)",low,yes,5.318,5,3,1,2,,,1.977,4.432,1.993,5.149,2.612,4.537,4.56,4.193,4.235,6.588,2.551,2.098,3.474,4.106,3.093,6.363,2.483,3.867,4.331,4.999,3.558,4.828,5.405,3.315,2.864,0.472,Bachelor's degree,4,Not reported,English,Northeast,Middle Atlantic,3-5 years,4,$100-199,3.0,demo,4.0,4.0
SYNTHETIC-0018,45-54,"$150,000 - $199,999",Female,Employed part-time,low,yes,5.791,4,6,1,3,,,4.927,2.952,3.721,1.168,2.76,4.041,3.017,4.409,5.746,4.176,3.713,2.598,2.192,2.98,3.552,3.576,5.169,4.293,3.596,5.922,2.819,2.468,4.127,3.732,6.011,0.606,Bachelor's degree,4,Not reported,English,Northeast,Middle Atlantic,3-5 years,4,$100-199,3.0,demo,4.0,4.0
SYNTHETIC-0019,25-34,"Under $25,000",Male,Retired,low,yes,4.836,2,1,1,2,,,5.989,3.217,1.601,2.588,1.382,4.436,3.792,1.712,3.995,4.694,4.392,3.456,2.516,3.981,3.318,4.351,4.124,4.914,1.841,2.66,3.869,5.173,4.857,4.72,3.511,0.787,Bachelor's degree,4,Not reported,English,Northeast,Middle Atlantic,3-5 years,4,$100-199,3.0,demo,4.0,4.0
SYNTHETIC-0020,18-24,"$100,000 - $149,000",Female,Employed part-time,high,no,4.633,1,5,1,5,,,6.36,4.293,5.382,3.676,3.602,5.04,2.396,2.809,4.719,6.655,6.283,3.803,2.566,4.228,1.76,4.18,3.478,4.651,3.872,3.592,5.293,3.792,3.284,3.882,3.11,0.311,Bachelor's degree,4,Not reported,English,Northeast,Middle Atlantic,3-5 years,4,$100-199,3.0,demo,4.0,4.0
SYNTHETIC-0021,65 or older,"$50,000 - $74,999",Male,Student,low,no,4.428,6,3,1,5,,,3.347,5.058,3.554,4.523,4.104,6.798,3.48,3.652,4.853,0.929,7.031,2.042,3.753,6.455,6.816,4.875,1.849,2.734,1.0,2.061,4.75,5.332,4.496,2.726,4.13,0.726,Bachelor's degree,4,Not reported,English,Northeast,Middle Atlantic,3-5 years,4,$100-199,3.0,demo,4.0,4.0
SYNTHETIC-0022,25-34,"$50,000 - $74,999",Male,Unemployed and looking for work,low,no,4.472,2,3,1,4,,,4.297,4.657,3.223,4.325,5.724,5.844,4.255,5.488,2.737,0.0,2.161,2.012,3.387,3.166,6.281,4.174,2.969,2.111,6.202,3.604,1.025,4.858,3.97,5.654,5.967,0.372,Bachelor's degree,4,Not reported,English,Northeast,Middle Atlantic,3-5 years,4,$100-199,3.0,demo,4.0,4.0
SYNTHETIC-0023,45-54,"Under $25,000",Male,Employed part-time,high,yes,5.277,4,1,1,3,,,4.144,3.033,3.93,4.382,4.972,5.438,5.268,2.492,4.458,3.314,1.786,1.624,3.381,6.438,3.098,5.086,5.804,1.364,5.646,5.019,4.929,4.442,4.66,4.733,5.535,1.0,Bachelor's degree,4,Not reported,English,Northeast,Middle Atlantic,3-5 years,4,$100-199,3.0,demo,4.0,4.0
SYNTHETIC-0024,55-64,"$75,000 - $99,999",Male,Student,high,no,2.977,5,4,1,2,,,3.286,3.679,3.086,3.353,6.23,4.878,3.243,5.558,1.931,5.389,7.255,3.504,1.717,4.611,4.095,5.042,4.172,2.492,4.431,4.107,1.085,4.057,4.871,2.752,2.902,0.539,Bachelor's degree,4,Not reported,English,Northeast,Middle Atlantic,3-5 years,4,$100-199,3.0,demo,4.0,4.0
SYNTHETIC-0025,65 or older,"$200,000 or more",Female,"Not in the labor force (e.g., homemaker, caregiver)",high,yes,4.579,6,7,1,2,,,2.96,5.044,5.386,7.0,6.289,2.811,3.825,3.578,4.181,5.762,8.465,2.988,2.162,2.542,3.77,4.849,3.182,3.344,5.497,4.879,2.905,3.23,3.607,2.933,1.839,0.761,Bachelor's degree,4,Not reported,English,Northeast,Middle Atlantic,3-5 years,4,$100-199,3.0,demo,4.0,4.0
SYNTHETIC-0026,35-44,"$150,000 - $199,999",Female,"Not in the labor force (e.g., homemaker, caregiver)",low,no,4.82,3,6,1,3,,,3.909,2.752,3.588,3.185,4.494,2.591,4.257,2.874,4.399,4.602,5.663,3.03,2.701,5.347,1.94,5.405,2.98,4.082,6.334,2.027,1.889,3.336,4.805,3.882,3.367,0.339,Bachelor's degree,4,Not reported,English,Northeast,Middle Atlantic,3-5 years,4,$100-199,3.0,demo,4.0,4.0
SYNTHETIC-0027,45-54,"Under $25,000",Female,Student,high,yes,3.824,4,1,1,3,,,2.73,3.539,3.709,6.042,5.919,1.647,3.948,3.639,3.209,0.0,6.838,3.283,3.049,3.758,2.541,3.345,5.931,3.29,3.59,3.984,3.773,4.642,3.501,2.226,4.688,0.0,Bachelor's degree,4,Not reported,English,Northeast,Middle Atlantic,3-5 years,4,$100-199,3.0,demo,4.0,4.0
SYNTHETIC-0028,45-54,"$200,000 or more",Female,Retired,high,no,3.418,4,7,1,2,,,4.138,6.021,4.433,2.772,4.86,4.278,2.364,1.754,2.87,5.059,6.491,2.23,3.636,4.154,5.559,4.697,4.431,5.153,4.809,2.074,3.211,3.76,3.453,2.285,3.053,0.648,Bachelor's degree,4,Not reported,English,Northeast,Middle Atlantic,3-5 years,4,$100-199,3.0,demo,4.0,4.0
SYNTHETIC-0029,25-34,"$150,000 - $199,999",Female,Employed full-time,low,yes,2.99,2,6,1,3,,,4.248,5.616,1.189,4.392,3.268,3.596,3.358,4.572,5.129,2.201,7.902,3.019,1.187,2.802,4.317,2.974,5.995,4.307,4.75,3.36,2.463,3.556,4.991,3.578,2.87,0.364,Bachelor's degree,4,Not reported,English,Northeast,Middle Atlantic,3-5 years,4,$100-199,3.0,demo,4.0,4.0
SYNTHETIC-0030,65 or older,"Under $25,000",Male,Self-employed,low,yes,2.827,6,1,1,2,,,4.111,6.305,3.802,5.567,6.219,1.009,3.879,2.271,5.779,2.179,4.331,3.877,2.279,3.772,3.722,3.427,4.412,5.514,3.823,3.64,4.854,4.966,2.405,4.666,2.446,0.505,Bachelor's degree,4,Not reported,English,Northeast,Middle Atlantic,3-5 years,4,$100-199,3.0,demo,4.0,4.0
SYNTHETIC-0031,65 or older,"$50,000 - $74,999",Male,Unemployed and looking for work,medium,yes,4.004,6,3,1,4,,,3.66,2.043,2.681,3.277,3.051,3.095,4.357,2.353,3.284,1.215,7.31,1.869,1.918,3.442,4.373,2.462,3.274,4.362,5.04,4.499,2.031,4.243,3.993,6.387,3.508,0.093,Bachelor's degree,4,Not reported,English,Northeast,Middle Atlantic,3-5 years,4,$100-199,3.0,demo,4.0,4.0
SYNTHETIC-0032,55-64,"$150,000 - $199,999",Female,Unemployed and looking for work,low,yes,3.658,5,6,1,2,,,4.571,6.492,3.603,5.004,5.402,3.293,3.902,4.413,5.253,1.917,5.039,2.901,2.26,1.389,4.187,5.456,3.405,3.759,2.72,3.705,4.057,3.182,4.137,2.927,3.963,0.421,Bachelor's degree,4,Not reported,English,Northeast,Middle Atlantic,3-5 years,4,$100-199,3.0,demo,4.0,4.0
SYNTHETIC-0033,55-64,"$25,000 - $49,999",Female,Student,high,no,4.378,5,2,1,5,,,3.255,5.627,4.215,4.66,4.629,5.189,3.523,6.272,3.314,2.67,4.632,2.546,2.226,5.384,4.641,3.572,4.945,4.403,3.675,4.208,2.796,2.645,4.636,4.478,1.643,0.527,Bachelor's degree,4,Not reported,English,Northeast,Middle Atlantic,3-5 years,4,$100-199,3.0,demo,4.0,4.0
SYNTHETIC-0034,35-44,"Under $25,000",Male,Employed full-time,low,no,3.175,3,1,1,4,,,5.65,4.432,2.82,3.841,4.069,4.837,2.735,4.208,5.593,4.08,8.1,3.391,2.699,3.687,3.871,4.453,4.196,4.733,2.257,4.409,1.774,5.322,2.02,3.481,4.21,0.389,Bachelor's degree,4,Not reported,English,Northeast,Middle Atlantic,3-5 years,4,$100-199,3.0,demo,4.0,4.0
SYNTHETIC-0035,65 or older,"Under $25,000",Male,Employed full-time,high,yes,2.349,6,1,1,1,,,5.067,4.721,4.651,3.48,2.268,2.803,2.153,2.795,2.627,2.441,5.951,3.009,2.627,4.079,1.92,4.176,4.003,2.92,6.166,5.403,3.43,2.536,4.451,4.207,3.637,0.792,Bachelor's degree,4,Not reported,English,Northeast,Middle Atlantic,3-5 years,4,$100-199,3.0,demo,4.0,4.0
SYNTHETIC-0036,45-54,"$25,000 - $49,999",Female,Student,low,no,4.463,4,2,1,4,,,2.889,5.425,3.241,3.49,5.387,2.821,2.75,4.922,2.114,3.507,6.853,3.842,3.923,4.126,3.547,4.266,6.695,5.618,2.973,4.445,3.347,4.634,2.692,2.327,4.008,0.615,Bachelor's degree,4,Not reported,English,Northeast,Middle Atlantic,3-5 years,4,$100-199,3.0,demo,4.0,4.0
SYNTHETIC-0037,18-24,"$50,000 - $74,999",Male,Employed full-time,low,no,2.97,1,3,1,5,,,3.055,1.727,2.231,1.569,4.484,4.651,3.526,3.872,2.186,4.569,7.086,2.255,4.286,5.995,5.469,5.845,6.446,2.823,3.894,4.277,4.093,6.211,4.702,3.107,2.904,0.794,Bachelor's degree,4,Not reported,English,Northeast,Middle Atlantic,3-5 years,4,$100-199,3.0,demo,4.0,4.0
SYNTHETIC-0038,65 or older,"$150,000 - $199,999",Female,Employed full-time,medium,yes,2.494,6,6,1,5,,,5.573,5.224,4.824,5.114,4.786,2.76,4.144,2.754,2.642,5.728,9.338,3.895,4.276,4.438,4.068,3.457,2.316,4.353,3.037,3.538,4.366,3.026,1.35,4.225,3.528,0.386,Bachelor's degree,4,Not reported,English,Northeast,Middle Atlantic,3-5 years,4,$100-199,3.0,demo,4.0,4.0
SYNTHETIC-0039,35-44,"Under $25,000",Male,Student,low,no,3.652,3,1,1,1,,,5.769,4.441,3.719,3.941,7.0,1.445,4.532,3.586,4.683,3.3,5.831,2.672,3.657,4.665,5.452,3.787,3.934,5.41,3.13,4.698,3.107,4.552,3.252,2.725,5.541,0.554,Bachelor's degree,4,Not reported,English,Northeast,Middle Atlantic,3-5 years,4,$100-199,3.0,demo,4.0,4.0
SYNTHETIC-0040,35-44,"$50,000 - $74,999",Male,Unemployed and looking for work,low,yes,3.713,3,3,1,5,,,4.984,3.112,4.866,3.581,3.986,4.625,4.327,5.392,4.359,2.43,3.017,2.029,3.782,3.514,3.289,2.244,3.018,2.362,5.662,4.867,3.686,3.913,4.242,2.19,3.08,0.87,Bachelor's degree,4,Not reported,English,Northeast,Middle Atlantic,3-5 years,4,$100-199,3.0,demo,4.0,4.0
SYNTHETIC-0041,55-64,"$100,000 - $149,000",Female,Unemployed and looking for work,low,no,2.801,5,5,1,4,,,4.822,4.105,1.967,3.483,4.279,1.67,5.23,3.525,4.725,1.688,8.461,1.952,3.282,2.148,2.094,1.675,3.597,4.794,4.618,3.088,4.533,5.358,3.29,4.34,4.309,0.217,Bachelor's degree,4,Not reported,English,Northeast,Middle Atlantic,3-5 years,4,$100-199,3.0,demo,4.0,4.0
SYNTHETIC-0042,55-64,"$50,000 - $74,999",Male,Employed part-time,low,no,3.916,5,3,1,5,,,3.328,4.738,4.133,2.825,2.213,2.659,3.131,4.804,3.718,5.185,5.217,4.333,4.317,2.754,2.977,4.056,3.762,1.04,5.904,4.786,3.481,3.411,2.021,4.592,4.739,0.237,Bachelor's degree,4,Not reported,English,Northeast,Middle Atlantic,3-5 years,4,$100-199,3.0,demo,4.0,4.0
SYNTHETIC-0043,45-54,"$100,000 - $149,000",Male,Unemployed and looking for work,high,yes,3.678,4,5,1,5,,,3.191,4.336,3.763,5.391,2.917,2.699,4.614,4.077,4.062,2.012,8.684,2.697,3.187,4.762,5.174,4.514,3.443,4.474,5.018,7.0,4.404,6.625,3.437,4.971,4.293,0.307,Bachelor's degree,4,Not reported,English,Northeast,Middle Atlantic,3-5 years,4,$100-199,3.0,demo,4.0,4.0
SYNTHETIC-0044,18-24,"$200,000 or more",Male,Employed part-time,medium,no,3.19,1,7,1,5,,,5.187,3.094,1.534,6.021,3.683,4.559,3.91,5.292,4.864,3.126,4.244,2.737,3.138,6.522,2.683,6.241,6.862,2.79,4.379,4.86,4.791,3.375,2.835,3.797,4.83,0.636,Bachelor's degree,4,Not reported,English,Northeast,Middle Atlantic,3-5 years,4,$100-199,3.0,demo,4.0,4.0
SYNTHETIC-0045,55-64,"$50,000 - $74,999",Female,Employed full-time,low,no,4.681,5,3,1,1,,,4.304,4.602,6.034,1.687,3.584,5.375,3.381,5.241,5.559,3.788,2.397,2.479,3.386,5.303,3.784,4.248,2.868,3.536,4.001,2.921,4.722,4.804,6.067,6.456,3.632,0.563,Bachelor's degree,4,Not reported,English,Northeast,Middle Atlantic,3-5 years,4,$100-199,3.0,demo,4.0,4.0
SYNTHETIC-0046,65 or older,"Under $25,000",Male,Student,low,yes,5.806,6,1,1,5,,,4.242,3.269,4.759,3.375,3.086,3.741,2.908,4.413,3.927,4.485,6.758,2.422,4.103,5.87,3.417,5.804,5.308,3.532,4.681,6.247,4.027,4.248,3.358,5.444,4.203,0.601,Bachelor's degree,4,Not reported,English,Northeast,Middle Atlantic,3-5 years,4,$100-199,3.0,demo,4.0,4.0
SYNTHETIC-0047,45-54,"$50,000 - $74,999",Female,Student,low,yes,2.541,4,3,1,5,,,5.716,4.787,4.716,1.399,5.104,5.942,2.931,4.21,4.356,5.29,3.931,2.267,3.499,4.159,5.819,3.383,6.006,6.192,4.096,4.87,4.356,5.074,3.269,1.574,3.755,0.48,Bachelor's degree,4,Not reported,English,Northeast,Middle Atlantic,3-5 years,4,$100-199,3.0,demo,4.0,4.0
SYNTHETIC-0048,45-54,"$200,000 or more",Male,"Not in the labor force (e.g., homemaker, caregiver)",high,yes,6.126,4,7,1,1,,,3.699,2.707,3.951,3.979,3.568,4.633,3.328,4.744,4.742,3.427,11.825,3.377,2.6,5.332,1.711,5.314,2.594,3.156,6.631,5.163,2.279,4.379,3.666,6.333,4.534,0.548,Bachelor's degree,4,Not reported,English,Northeast,Middle Atlantic,3-5 years,4,$100-199,3.0,demo,4.0,4.0
SYNTHETIC-0049,35-44,"$50,000 - $74,999",Male,Employed full-time,medium,no,2.272,3,3,1,4,,,1.645,3.171,2.563,1.0,3.018,4.731,6.061,3.849,2.276,2.562,3.196,3.929,3.532,4.29,2.447,3.241,3.657,4.916,5.599,5.134,5.08,4.199,5.283,4.757,4.951,0.152,Bachelor's degree,4,Not reported,English,Northeast,Middle Atlantic,3-5 years,4,$100-199,3.0,demo,4.0,4.0
SYNTHETIC-0050,35-44,"$100,000 - $149,000",Male,Retired,medium,no,3.352,3,5,1,5,,,3.207,2.165,1.966,4.074,4.61,4.658,5.777,3.776,2.561,1.662,4.584,3.004,1.568,3.566,4.704,3.157,2.849,2.503,3.757,5.187,2.725,1.953,4.793,3.566,4.155,0.655,Bachelor's degree,4,Not reported,English,Northeast,Middle Atlantic,3-5 years,4,$100-199,3.0,demo,4.0,4.0
SYNTHETIC-0051,45-54,"$200,000 or more",Female,Employed part-time,high,yes,2.722,4,7,1,3,,,4.541,4.896,6.4,3.696,3.121,2.566,4.51,4.908,4.374,1.361,3.093,3.718,3.469,4.387,2.57,2.555,3.157,4.678,1.571,4.64,4.926,3.881,2.27,2.894,1.574,0.646,Bachelor's degree,4,Not reported,English,Northeast,Middle Atlantic,3-5 years,4,$100-199,3.0,demo,4.0,4.0
SYNTHETIC-0052,45-54,"$200,000 or more",Female,Self-employed,low,yes,5.008,4,7,1,3,,,5.769,2.352,4.755,5.727,6.407,4.789,4.248,3.192,4.575,4.05,5.748,1.684,3.148,3.368,4.59,3.846,5.394,5.052,3.093,1.0,3.764,3.427,4.638,4.113,3.391,0.862,Bachelor's degree,4,Not reported,English,Northeast,Middle Atlantic,3-5 years,4,$100-199,3.0,demo,4.0,4.0
SYNTHETIC-0053,65 or older,"$150,000 - $199,999",Male,Retired,high,yes,3.149,6,6,1,3,,,5.889,3.801,3.917,3.541,2.984,5.715,5.546,3.92,3.631,5.195,8.409,3.008,3.055,3.304,2.71,3.89,3.444,4.949,4.814,4.614,3.942,4.064,2.156,3.929,5.188,0.268,Bachelor's degree,4,Not reported,English,Northeast,Middle Atlantic,3-5 years,4,$100-199,3.0,demo,4.0,4.0
SYNTHETIC-0054,25-34,"$100,000 - $149,000",Female,"Not in the labor force (e.g., homemaker, caregiver)",medium,no,1.387,2,5,1,2,,,4.679,3.523,3.063,3.762,3.799,5.207,4.295,4.301,4.27,3.778,5.715,3.506,3.61,5.215,2.826,4.708,2.611,3.836,4.23,7.0,6.4,2.755,3.223,2.947,4.421,0.501,Bachelor's degree,4,Not reported,English,Northeast,Middle Atlantic,3-5 years,4,$100-199,3.0,demo,4.0,4.0
SYNTHETIC-0055,18-24,"$50,000 - $74,999",Female,"Not in the labor force (e.g., homemaker, caregiver)",low,no,5.777,1,3,1,1,,,3.9,3.263,6.724,2.439,2.401,5.365,4.455,3.146,3.628,4.177,5.145,3.275,2.562,3.96,3.324,3.678,3.062,3.22,4.051,2.434,7.0,4.094,3.178,7.0,4.697,0.0,Bachelor's degree,4,Not reported,English,Northeast,Middle Atlantic,3-5 years,4,$100-199,3.0,demo,4.0,4.0
SYNTHETIC-0056,25-34,"$50,000 - $74,999",Female,Employed full-time,low,no,3.198,2,3,1,2,,,6.232,3.451,1.0,3.326,3.421,2.422,4.302,2.731,6.119,4.348,6.938,3.755,2.492,2.891,5.919,2.385,4.666,5.026,4.704,2.761,5.116,4.945,4.616,3.121,3.922,0.607,Bachelor's degree,4,Not reported,English,Northeast,Middle Atlantic,3-5 years,4,$100-199,3.0,demo,4.0,4.0
SYNTHETIC-0057,25-34,"$200,000 or more",Female,Self-employed,high,yes,5.213,2,7,1,3,,,2.802,3.849,4.898,3.266,3.987,3.813,4.069,4.888,5.41,3.461,8.132,2.415,1.358,3.801,5.218,2.433,4.244,3.351,1.34,5.648,4.796,3.757,4.265,4.187,6.146,0.251,Bachelor's degree,4,Not reported,English,Northeast,Middle Atlantic,3-5 years,4,$100-199,3.0,demo,4.0,4.0
SYNTHETIC-0058,35-44,"$200,000 or more",Female,Retired,high,yes,5.242,3,7,1,2,,,5.389,2.968,4.296,3.156,5.22,3.143,4.024,3.393,2.088,3.609,8.334,1.321,4.881,2.987,3.284,1.929,5.699,5.214,4.545,4.631,5.993,6.919,5.706,4.409,1.886,0.439,Bachelor's degree,4,Not reported,English,Northeast,Middle Atlantic,3-5 years,4,$100-199,3.0,demo,4.0,4.0
SYNTHETIC-0059,55-64,"$150,000 - $199,999",Female,"Not in the labor force (e.g., homemaker, caregiver)",low,yes,4.425,5,6,1,3,,,5.716,3.119,4.503,4.151,3.569,5.26,4.625,5.107,4.204,1.697,5.616,2.604,3.891,6.53,6.335,2.607,1.699,3.358,3.753,3.949,2.598,4.075,5.261,2.758,3.141,0.54,Bachelor's degree,4,Not reported,English,Northeast,Middle Atlantic,3-5 years,4,$100-199,3.0,demo,4.0,4.0
SYNTHETIC-0060,35-44,"$50,000 - $74,999",Male,Unemployed and looking for work,low,no,4.415,3,3,1,5,,,3.784,2.638,4.434,5.658,3.622,2.538,4.451,3.905,2.688,3.902,2.155,3.734,4.893,2.469,2.436,4.185,4.758,4.494,2.547,2.767,2.157,3.427,5.242,2.888,2.634,0.842,Bachelor's degree,4,Not reported,English,Northeast,Middle Atlantic,3-5 years,4,$100-199,3.0,demo,4.0,4.0
SYNTHETIC-0061,45-54,"$100,000 - $149,000",Male,Self-employed,high,no,4.818,4,5,1,4,,,3.508,5.518,3.979,4.363,4.586,7.0,4.002,4.9,3.777,5.548,4.724,2.249,3.453,3.081,4.364,7.0,3.854,2.554,4.848,3.727,2.781,5.12,2.813,2.17,4.72,0.402,Bachelor's degree,4,Not reported,English,Northeast,Middle Atlantic,3-5 years,4,$100-199,3.0,demo,4.0,4.0
SYNTHETIC-0062,25-34,"Under $25,000",Male,"Not in the labor force (e.g., homemaker, caregiver)",low,no,3.574,2,1,1,3,,,5.443,4.669,5.689,3.601,2.762,4.958,4.588,3.456,4.409,3.583,1.407,2.023,1.976,4.031,2.829,2.426,5.182,4.029,4.012,4.462,3.753,4.985,4.364,4.741,5.068,0.354,Bachelor's degree,4,Not reported,English,Northeast,Middle Atlantic,3-5 years,4,$100-199,3.0,demo,4.0,4.0
SYNTHETIC-0063,55-64,"$75,000 - $99,999",Male,Employed full-time,medium,yes,4.826,5,4,1,4,,,3.908,3.063,3.16,3.39,2.09,7.0,4.202,4.007,2.794,4.62,1.314,4.329,3.831,3.389,3.612,5.481,2.47,3.508,2.417,4.026,2.596,3.244,3.755,5.145,4.919,0.525,Bachelor's degree,4,Not reported,English,Northeast,Middle Atlantic,3-5 years,4,$100-199,3.0,demo,4.0,4.0
SYNTHETIC-0064,55-64,"$150,000 - $199,999",Female,Employed full-time,high,no,3.594,5,6,1,2,,,4.717,1.994,4.608,3.407,3.587,5.878,1.119,3.353,4.538,2.439,3.676,2.866,2.94,5.575,3.505,4.544,4.022,4.439,3.2,3.055,3.833,4.599,4.418,5.848,4.941,0.486,Bachelor's degree,4,Not reported,English,Northeast,Middle Atlantic,3-5 years,4,$100-199,3.0,demo,4.0,4.0
SYNTHETIC-0065,65 or older,"Under $25,000",Male,Student,low,yes,5.116,6,1,1,2,,,3.112,3.026,5.049,6.19,2.337,2.136,5.952,2.883,3.364,1.101,4.713,3.212,1.113,3.907,5.524,3.14,4.301,2.568,2.892,3.203,4.077,5.346,5.468,2.611,5.836,0.627,Bachelor's degree,4,Not reported,English,Northeast,Middle Atlantic,3-5 years,4,$100-199,3.0,demo,4.0,4.0
SYNTHETIC-0066,45-54,"$150,000 - $199,999",Female,Employed full-time,low,yes,4.502,4,6,1,1,,,3.459,3.756,5.183,6.037,3.982,5.156,4.407,2.61,2.909,2.439,9.73,3.583,2.295,6.358,6.079,4.05,4.656,5.215,2.969,1.65,2.195,3.671,1.958,5.839,6.483,0.284,Bachelor's degree,4,Not reported,English,Northeast,Middle Atlantic,3-5 years,4,$100-199,3.0,demo,4.0,4.0
SYNTHETIC-0067,35-44,"Under $25,000",Male,Self-employed,medium,no,5.189,3,1,1,5,,,3.767,3.395,4.262,1.0,6.138,3.731,4.915,4.865,5.753,0.585,6.675,4.379,2.368,4.386,2.836,4.941,3.346,4.064,4.975,3.791,5.15,4.64,1.718,5.348,6.498,0.639,Bachelor's degree,4,Not reported,English,Northeast,Middle Atlantic,3-5 years,4,$100-199,3.0,demo,4.0,4.0
SYNTHETIC-0068,18-24,"$150,000 - $199,999",Male,Self-employed,low,yes,3.363,1,6,1,1,,,2.265,5.648,5.681,4.793,3.039,4.651,4.432,2.154,6.004,3.65,6.048,3.13,2.773,2.045,4.008,2.485,5.362,5.962,4.307,4.087,4.788,2.797,3.955,4.951,3.546,0.435,Bachelor's degree,4,Not reported,English,Northeast,Middle Atlantic,3-5 years,4,$100-199,3.0,demo,4.0,4.0
SYNTHETIC-0069,25-34,"$150,000 - $199,999",Male,Employed full-time,high,yes,3.262,2,6,1,2,,,4.235,2.937,5.976,2.169,1.733,1.98,4.743,5.898,4.757,3.023,2.678,3.519,2.697,4.075,4.507,3.569,3.958,1.482,3.186,4.806,4.213,3.641,3.706,3.936,4.612,0.886,Bachelor's degree,4,Not reported,English,Northeast,Middle Atlantic,3-5 years,4,$100-199,3.0,demo,4.0,4.0
SYNTHETIC-0070,35-44,"Under $25,000",Female,Student,low,yes,2.419,3,1,1,2,,,2.359,5.036,2.933,3.578,3.692,4.428,3.668,3.474,3.983,6.17,9.864,3.125,3.741,5.705,5.161,3.896,5.438,3.708,3.378,3.156,3.967,3.47,3.823,5.013,5.077,0.779,Bachelor's degree,4,Not reported,English,Northeast,Middle Atlantic,3-5 years,4,$100-199,3.0,demo,4.0,4.0
SYNTHETIC-0071,35-44,"$25,000 - $49,999",Male,Employed full-time,medium,yes,6.113,3,2,1,1,,,2.673,2.695,3.931,4.57,4.038,4.221,4.065,4.192,5.251,3.192,3.974,3.241,2.721,4.205,6.03,3.964,3.105,1.741,5.445,3.855,5.254,3.183,5.045,4.517,2.238,0.666,Bachelor's degree,4,Not reported,English,Northeast,Middle Atlantic,3-5 years,4,$100-199,3.0,demo,4.0,4.0
SYNTHETIC-0072,65 or older,"$200,000 or more",Male,Unemployed and looking for work,high,yes,4.041,6,7,1,3,,,3.528,2.61,6.926,4.533,6.349,1.594,3.868,4.925,4.997,2.135,4.78,3.568,2.939,5.326,3.026,2.892,5.67,3.553,4.172,4.113,3.966,5.477,5.18,1.721,5.17,0.425,Bachelor's degree,4,Not reported,English,Northeast,Middle Atlantic,3-5 years,4,$100-199,3.0,demo,4.0,4.0
SYNTHETIC-0073,65 or older,"$150,000 - $199,999",Male,Retired,high,yes,4.21,6,6,1,2,,,4.144,3.839,4.459,4.903,5.301,7.0,5.529,3.984,4.578,1.56,1.379,3.838,2.385,3.473,3.267,2.164,3.882,4.245,6.506,5.783,3.393,4.057,5.879,5.327,6.233,0.451,Bachelor's degree,4,Not reported,English,Northeast,Middle Atlantic,3-5 years,4,$100-199,3.0,demo,4.0,4.0
SYNTHETIC-0074,25-34,"$50,000 - $74,999",Female,Employed part-time,medium,yes,2.476,2,3,1,3,,,2.191,3.943,3.913,3.797,4.116,2.282,3.753,2.999,4.884,2.398,0.295,2.853,4.402,4.125,5.199,3.631,4.969,3.685,3.561,2.731,2.222,3.305,2.527,5.297,3.12,0.556,Bachelor's degree,4,Not reported,English,Northeast,Middle Atlantic,3-5 years,4,$100-199,3.0,demo,4.0,4.0
SYNTHETIC-0075,18-24,"$50,000 - $74,999",Male,"Not in the labor force (e.g., homemaker, caregiver)",high,yes,1.795,1,3,1,2,,,2.565,4.767,5.883,3.644,3.959,4.236,4.028,3.638,4.042,0.875,7.204,2.987,1.822,4.362,3.439,3.5,3.713,3.601,3.099,3.453,5.711,4.381,3.859,4.633,4.964,0.487,Bachelor's degree,4,Not reported,English,Northeast,Middle Atlantic,3-5 years,4,$100-199,3.0,demo,4.0,4.0
SYNTHETIC-0076,65 or older,"$100,000 - $149,000",Male,Student,low,yes,3.322,6,5,1,5,,,5.806,2.832,4.535,4.611,3.636,4.467,5.316,6.394,3.508,3.809,6.989,3.526,1.824,4.061,3.313,5.764,5.703,2.709,3.232,3.252,5.088,5.776,3.992,3.0,3.634,0.468,Bachelor's degree,4,Not reported,English,Northeast,Middle Atlantic,3-5 years,4,$100-199,3.0,demo,4.0,4.0
SYNTHETIC-0077,65 or older,"$25,000 - $49,999",Male,Retired,high,yes,3.354,6,2,1,5,,,3.01,4.429,2.604,1.493,4.871,4.545,3.491,2.782,4.179,1.411,7.646,1.819,2.529,2.407,3.667,5.174,2.819,6.532,3.06,4.775,4.342,3.296,2.54,6.081,2.376,0.608,Bachelor's degree,4,Not reported,English,Northeast,Middle Atlantic,3-5 years,4,$100-199,3.0,demo,4.0,4.0
SYNTHETIC-0078,25-34,"$100,000 - $149,000",Female,Retired,medium,yes,4.263,2,5,1,3,,,4.049,5.671,2.768,5.007,5.317,4.239,4.452,3.226,5.168,3.076,7.591,2.245,2.997,5.241,4.847,3.618,4.841,3.036,3.204,3.76,3.97,3.963,1.628,2.8,3.67,0.318,Bachelor's degree,4,Not reported,English,Northeast,Middle Atlantic,3-5 years,4,$100-199,3.0,demo,4.0,4.0
SYNTHETIC-0079,25-34,"$50,000 - $74,999",Male,Student,high,no,3.988,2,3,1,4,,,2.547,2.39,4.538,3.41,3.463,3.78,3.27,3.121,5.045,1.718,3.589,2.788,2.772,3.571,4.764,1.631,3.513,2.387,4.341,4.504,4.419,1.036,5.835,5.082,2.809,0.514,Bachelor's degree,4,Not reported,English,Northeast,Middle Atlantic,3-5 years,4,$100-199,3.0,demo,4.0,4.0
SYNTHETIC-0080,35-44,"$100,000 - $149,000",Male,Student,high,no,4.176,3,5,1,5,,,4.064,5.002,2.536,2.97,4.469,3.816,4.765,3.342,2.173,1.87,9.446,1.957,3.366,3.256,4.587,3.917,4.044,3.868,4.042,2.322,4.345,4.239,3.963,4.316,2.532,0.565,Bachelor's degree,4,Not reported,English,Northeast,Middle Atlantic,3-5 years,4,$100-199,3.0,demo,4.0,4.0
SYNTHETIC-0081,55-64,"$150,000 - $199,999",Male,"Not in the labor force (e.g., homemaker, caregiver)",low,yes,4.162,5,6,1,1,,,3.158,2.621,3.46,2.795,3.671,2.82,3.102,3.104,3.614,3.774,6.296,3.734,3.322,5.095,4.791,2.51,4.455,3.466,4.541,1.541,5.233,4.183,4.507,4.812,2.843,0.884,Bachelor's degree,4,Not reported,English,Northeast,Middle Atlantic,3-5 years,4,$100-199,3.0,demo,4.0,4.0
SYNTHETIC-0082,45-54,"$100,000 - $149,000",Female,"Not in the labor force (e.g., homemaker, caregiver)",low,no,3.861,4,5,1,4,,,4.61,3.904,3.604,4.284,2.537,4.472,3.936,4.216,2.43,5.284,5.317,2.614,3.191,5.658,2.706,2.925,4.711,3.645,4.106,3.427,3.891,5.555,4.251,4.266,4.041,0.366,Bachelor's degree,4,Not reported,English,Northeast,Middle Atlantic,3-5 years,4,$100-199,3.0,demo,4.0,4.0
SYNTHETIC-0083,45-54,"$75,000 - $99,999",Male,Employed full-time,medium,yes,3.165,4,4,1,2,,,3.281,3.239,4.812,4.141,5.505,5.378,4.888,3.241,3.09,2.743,3.401,3.58,4.814,5.5,2.286,5.804,5.302,4.352,5.219,3.533,5.191,4.056,4.578,2.901,6.25,0.669,Bachelor's degree,4,Not reported,English,Northeast,Middle Atlantic,3-5 years,4,$100-199,3.0,demo,4.0,4.0
SYNTHETIC-0084,18-24,"$25,000 - $49,999",Male,Unemployed and looking for work,low,no,5.135,1,2,1,3,,,3.8,1.486,4.529,2.999,3.26,3.728,5.318,3.675,6.721,2.26,3.611,4.01,3.263,3.249,6.012,4.124,4.255,3.184,2.935,3.395,3.365,3.503,3.951,5.316,3.358,0.552,Bachelor's degree,4,Not reported,English,Northeast,Middle Atlantic,3-5 years,4,$100-199,3.0,demo,4.0,4.0
SYNTHETIC-0085,25-34,"$25,000 - $49,999",Male,Employed part-time,medium,no,4.141,2,2,1,3,,,3.917,6.58,4.158,2.966,4.448,5.204,1.83,4.575,3.074,2.91,4.674,1.357,3.249,2.397,3.176,4.016,4.249,4.776,3.216,2.52,3.874,4.701,2.763,2.489,1.676,0.559,Bachelor's degree,4,Not reported,English,Northeast,Middle Atlantic,3-5 years,4,$100-199,3.0,demo,4.0,4.0
SYNTHETIC-0086,65 or older,"$50,000 - $74,999",Female,"Not in the labor force (e.g., homemaker, caregiver)",high,yes,4.139,6,3,1,2,,,4.545,5.835,2.954,4.303,4.214,2.459,1.09,2.125,5.081,4.015,6.668,3.124,3.183,4.339,2.17,2.87,4.336,2.078,3.74,2.516,2.963,3.24,5.679,6.133,3.003,0.337,Bachelor's degree,4,Not reported,English,Northeast,Middle Atlantic,3-5 years,4,$100-199,3.0,demo,4.0,4.0
SYNTHETIC-0087,35-44,"$100,000 - $149,000",Male,Employed full-time,medium,no,3.001,3,5,1,2,,,1.509,5.927,3.797,4.669,5.591,3.861,3.649,3.542,4.609,1.599,6.516,2.888,1.0,5.776,3.158,1.297,2.767,3.912,5.737,4.639,3.502,1.0,7.0,2.275,2.521,0.626,Bachelor's degree,4,Not reported,English,Northeast,Middle Atlantic,3-5 years,4,$100-199,3.0,demo,4.0,4.0
SYNTHETIC-0088,55-64,"$75,000 - $99,999",Female,Student,medium,no,5.238,5,4,1,4,,,3.782,4.339,4.45,4.312,5.627,3.085,3.802,4.717,1.624,4.303,4.181,3.797,3.169,2.88,5.924,4.877,3.292,2.712,4.329,3.558,3.594,1.335,5.236,5.862,5.14,0.42,Bachelor's degree,4,Not reported,English,Northeast,Middle Atlantic,3-5 years,4,$100-199,3.0,demo,4.0,4.0
SYNTHETIC-0089,55-64,"$75,000 - $99,999",Male,Self-employed,high,yes,3.764,5,4,1,2,,,4.95,4.722,5.04,2.858,4.964,5.041,2.254,2.755,3.424,3.283,5.539,4.091,1.598,3.621,3.15,6.175,4.723,4.575,2.384,4.552,2.821,2.226,3.838,3.246,2.436,0.322,Bachelor's degree,4,Not reported,English,Northeast,Middle Atlantic,3-5 years,4,$100-199,3.0,demo,4.0,4.0
SYNTHETIC-0090,65 or older,"$100,000 - $149,000",Female,Self-employed,medium,no,4.253,6,5,1,5,,,1.726,3.726,1.575,3.812,4.049,4.608,2.835,4.249,4.289,2.591,5.442,3.213,1.979,3.565,3.169,5.923,3.506,4.561,4.76,5.018,4.026,5.221,5.482,3.947,5.923,0.71,Bachelor's degree,4,Not reported,English,Northeast,Middle Atlantic,3-5 years,4,$100-199,3.0,demo,4.0,4.0
SYNTHETIC-0091,55-64,"$200,000 or more",Male,Employed part-time,high,yes,2.453,5,7,1,1,,,3.352,1.359,2.805,5.683,3.026,3.383,4.077,3.739,3.759,3.621,6.626,3.832,3.496,1.744,4.282,5.029,4.947,5.489,2.737,5.556,3.753,4.999,6.006,3.801,4.934,0.393,Bachelor's degree,4,Not reported,English,Northeast,Middle Atlantic,3-5 years,4,$100-199,3.0,demo,4.0,4.0
SYNTHETIC-0092,45-54,"$200,000 or more",Male,Self-employed,low,no,1.959,4,7,1,4,,,4.564,5.021,4.026,3.521,3.71,5.483,2.805,5.001,3.504,4.253,6.579,2.224,3.41,4.679,5.99,6.648,3.225,3.054,3.157,4.328,4.363,4.628,6.884,3.791,6.918,0.517,Bachelor's degree,4,Not reported,English,Northeast,Middle Atlantic,3-5 years,4,$100-199,3.0,demo,4.0,4.0
SYNTHETIC-0093,55-64,"Under $25,000",Female,Employed full-time,high,yes,2.421,5,1,1,5,,,2.945,4.518,3.407,2.984,2.464,4.076,5.194,4.413,2.9,2.636,5.379,2.119,3.419,3.877,3.737,5.516,3.963,4.395,3.102,5.579,2.367,2.421,4.289,1.903,4.45,0.398,Bachelor's degree,4,Not reported,English,Northeast,Middle Atlantic,3-5 years,4,$100-199,3.0,demo,4.0,4.0
SYNTHETIC-0094,35-44,"$100,000 - $149,000",Female,Employed part-time,medium,yes,5.037,3,5,1,1,,,3.793,4.119,4.957,2.784,2.083,5.118,4.675,3.533,4.475,5.982,4.335,2.646,2.59,2.016,4.152,2.852,3.578,5.229,4.283,3.178,7.0,3.674,3.199,5.157,5.504,0.033,Bachelor's degree,4,Not reported,English,Northeast,Middle Atlantic,3-5 years,4,$100-199,3.0,demo,4.0,4.0
SYNTHETIC-0095,18-24,"$100,000 - $149,000",Female,Unemployed and looking for work,low,yes,4.402,1,5,1,1,,,3.847,2.48,6.917,3.237,4.766,4.325,5.487,3.516,4.442,5.886,4.877,3.392,3.702,6.288,2.333,5.05,4.446,4.74,3.671,5.889,5.273,3.596,2.716,4.564,1.374,0.771,Bachelor's degree,4,Not reported,English,Northeast,Middle Atlantic,3-5 years,4,$100-199,3.0,demo,4.0,4.0
SYNTHETIC-0096,45-54,"$200,000 or more",Male,Self-employed,high,yes,4.269,4,7,1,5,,,2.882,4.328,1.0,2.399,3.599,4.46,3.554,5.95,3.634,0.0,6.538,3.832,2.782,2.807,5.398,6.955,5.46,4.302,3.505,5.627,2.877,6.43,3.329,5.722,3.478,0.224,Bachelor's degree,4,Not reported,English,Northeast,Middle Atlantic,3-5 years,4,$100-199,3.0,demo,4.0,4.0
SYNTHETIC-0097,55-64,"$25,000 - $49,999",Female,Retired,medium,no,3.764,5,2,1,1,,,4.803,3.112,4.067,1.0,3.089,5.081,4.18,5.107,3.932,2.389,9.357,2.073,3.328,4.854,5.459,3.292,4.783,4.924,3.815,4.858,5.899,5.267,3.522,4.221,6.474,0.431,Bachelor's degree,4,Not reported,English,Northeast,Middle Atlantic,3-5 years,4,$100-199,3.0,demo,4.0,4.0
SYNTHETIC-0098,45-54,"Under $25,000",Male,Employed part-time,medium,no,6.666,4,1,1,1,,,4.915,4.424,4.155,4.437,6.208,3.765,1.328,4.624,4.601,3.502,5.662,1.048,4.198,5.082,3.251,2.957,3.818,4.855,3.267,1.951,4.995,3.423,4.014,5.219,5.554,0.254,Bachelor's degree,4,Not reported,English,Northeast,Middle Atlantic,3-5 years,4,$100-199,3.0,demo,4.0,4.0
SYNTHETIC-0099,55-64,"$200,000 or more",Female,Employed full-time,medium,no,3.649,5,7,1,2,,,3.727,3.417,4.215,3.02,3.972,5.633,3.219,3.785,5.621,4.856,6.971,4.549,1.691,2.903,3.002,4.839,2.153,6.451,4.849,2.386,4.208,6.064,3.44,1.83,5.505,0.536,Bachelor's degree,4,Not reported,English,Northeast,Middle Atlantic,3-5 years,4,$100-199,3.0,demo,4.0,4.0
SYNTHETIC-0100,65 or older,"Under $25,000",Male,Employed part-time,medium,yes,4.927,6,1,1,4,,,3.072,3.467,5.569,4.789,4.992,3.677,4.712,4.162,4.855,7.0,8.047,2.573,2.436,2.319,4.072,2.795,2.5,4.115,2.919,4.852,2.019,6.608,3.999,3.991,2.545,0.415,Bachelor's degree,4,Not reported,English,Northeast,Middle Atlantic,3-5 years,4,$100-199,3.0,demo,4.0,4.0
SYNTHETIC-0101,65 or older,"$25,000 - $49,999",Female,Employed full-time,medium,yes,6.716,6,2,1,3,,,4.072,4.833,3.611,3.801,2.727,4.833,3.144,4.552,4.609,5.52,4.618,2.237,2.217,6.141,4.125,3.952,3.743,5.342,4.293,2.343,4.445,3.657,2.906,2.672,3.004,0.706,Bachelor's degree,4,Not reported,English,Northeast,Middle Atlantic,3-5 years,4,$100-199,3.0,demo,4.0,4.0
SYNTHETIC-0102,65 or older,"$75,000 - $99,999",Male,Unemployed and looking for work,high,no,4.355,6,4,1,2,,,4.825,2.316,3.079,4.637,4.253,3.24,6.754,3.915,3.599,2.726,7.28,1.636,3.035,4.381,4.016,6.062,1.701,2.477,3.502,4.512,4.51,5.95,3.11,4.55,3.99,0.546,Bachelor's degree,4,Not reported,English,Northeast,Middle Atlantic,3-5 years,4,$100-199,3.0,demo,4.0,4.0
SYNTHETIC-0103,25-34,"Under $25,000",Male,Retired,medium,no,1.737,2,1,1,1,,,3.738,3.694,5.896,4.111,5.392,1.0,4.318,7.0,5.279,4.302,6.815,1.917,4.466,4.432,1.0,3.617,5.452,4.274,3.345,3.626,4.538,5.155,4.683,2.944,4.681,0.668,Bachelor's degree,4,Not reported,English,Northeast,Middle Atlantic,3-5 years,4,$100-199,3.0,demo,4.0,4.0
SYNTHETIC-0104,65 or older,"$200,000 or more",Male,Employed full-time,high,yes,6.967,6,7,1,1,,,4.74,2.176,5.15,4.253,6.35,3.308,4.504,4.867,3.637,2.559,7.296,2.536,3.561,4.982,4.252,3.202,3.121,5.044,1.553,4.801,3.227,3.86,4.239,3.37,4.826,0.601,Bachelor's degree,4,Not reported,English,Northeast,Middle Atlantic,3-5 years,4,$100-199,3.0,demo,4.0,4.0
SYNTHETIC-0105,45-54,"Under $25,000",Female,Student,medium,no,4.408,4,1,1,1,,,3.479,5.35,2.828,5.78,4.054,6.637,2.416,4.298,5.166,3.029,7.27,3.207,2.508,4.117,4.286,3.791,3.972,4.679,6.376,3.075,3.417,4.006,4.948,2.299,4.134,0.541,Bachelor's degree,4,Not reported,English,Northeast,Middle Atlantic,3-5 years,4,$100-199,3.0,demo,4.0,4.0
SYNTHETIC-0106,18-24,"$25,000 - $49,999",Male,Employed full-time,high,yes,5.153,1,2,1,1,,,3.897,6.015,3.155,2.472,4.677,4.422,5.624,5.971,5.288,3.83,8.416,2.388,2.494,4.579,1.537,5.047,3.885,4.798,4.098,4.319,4.627,5.326,4.525,3.456,4.427,0.577,Bachelor's degree,4,Not reported,English,Northeast,Middle Atlantic,3-5 years,4,$100-199,3.0,demo,4.0,4.0
SYNTHETIC-0107,18-24,"$50,000 - $74,999",Male,Retired,low,yes,5.24,1,3,1,2,,,3.875,5.11,3.72,4.819,4.34,4.549,2.658,3.688,7.0,3.606,4.799,3.184,2.209,3.058,3.225,3.852,3.892,2.317,3.577,3.825,3.382,4.927,3.416,5.522,4.204,0.513,Bachelor's degree,4,Not reported,English,Northeast,Middle Atlantic,3-5 years,4,$100-199,3.0,demo,4.0,4.0
SYNTHETIC-0108,55-64,"$150,000 - $199,999",Female,Unemployed and looking for work,high,no,2.795,5,6,1,4,,,4.872,4.596,2.78,2.959,5.872,4.995,4.867,4.693,4.297,2.919,10.122,3.425,2.887,3.728,6.602,2.483,5.431,4.873,4.386,1.837,4.832,2.26,3.537,4.426,2.641,0.97,Bachelor's degree,4,Not reported,English,Northeast,Middle Atlantic,3-5 years,4,$100-199,3.0,demo,4.0,4.0
SYNTHETIC-0109,25-34,"$25,000 - $49,999",Female,Student,low,yes,3.517,2,2,1,4,,,5.195,3.189,3.62,4.085,3.318,3.167,7.0,4.554,5.461,3.443,8.301,3.453,3.235,4.105,4.178,4.952,3.772,2.554,6.968,6.385,4.505,6.508,2.927,1.874,3.608,0.738,Bachelor's degree,4,Not reported,English,Northeast,Middle Atlantic,3-5 years,4,$100-199,3.0,demo,4.0,4.0
SYNTHETIC-0110,35-44,"$100,000 - $149,000",Male,Employed full-time,high,no,3.764,3,5,1,4,,,3.183,2.043,3.777,5.178,5.471,1.0,4.486,4.14,4.464,4.355,8.335,2.268,1.0,5.289,4.278,2.62,3.859,3.638,4.638,5.965,3.689,1.909,3.508,3.342,2.571,0.75,Bachelor's degree,4,Not reported,English,Northeast,Middle Atlantic,3-5 years,4,$100-199,3.0,demo,4.0,4.0
SYNTHETIC-0111,25-34,"$200,000 or more",Male,Unemployed and looking for work,medium,yes,3.198,2,7,1,4,,,4.571,4.138,4.5,4.291,2.701,2.874,2.878,2.504,4.197,3.135,6.601,3.229,2.766,4.674,4.21,3.695,3.761,3.015,2.853,7.0,2.976,2.633,5.496,3.118,3.909,0.373,Bachelor's degree,4,Not reported,English,Northeast,Middle Atlantic,3-5 years,4,$100-199,3.0,demo,4.0,4.0
SYNTHETIC-0112,45-54,"Under $25,000",Male,"Not in the labor force (e.g., homemaker, caregiver)",high,yes,3.307,4,1,1,4,,,4.684,2.362,4.974,3.889,2.267,4.976,3.172,3.095,4.064,2.225,6.255,1.366,3.583,3.517,3.396,5.475,5.5,3.616,2.706,6.647,2.324,3.676,3.874,2.957,2.166,0.58,Bachelor's degree,4,Not reported,English,Northeast,Middle Atlantic,3-5 years,4,$100-199,3.0,demo,4.0,4.0
SYNTHETIC-0113,45-54,"Under $25,000",Female,Retired,low,no,2.346,4,1,1,5,,,5.118,3.579,5.257,2.611,3.881,6.554,4.204,5.032,3.856,5.49,11.228,3.959,4.575,3.923,2.623,3.389,4.429,5.703,3.564,3.342,4.032,2.417,3.618,6.458,1.62,0.67,Bachelor's degree,4,Not reported,English,Northeast,Middle Atlantic,3-5 years,4,$100-199,3.0,demo,4.0,4.0
SYNTHETIC-0114,65 or older,"$50,000 - $74,999",Male,Student,high,no,5.605,6,3,1,1,,,4.314,3.764,3.939,3.464,4.678,2.719,5.171,3.226,3.466,3.886,2.95,3.664,2.203,3.782,4.028,3.665,4.973,4.271,2.79,4.052,3.346,2.807,2.561,2.059,3.029,0.513,Bachelor's degree,4,Not reported,English,Northeast,Middle Atlantic,3-5 years,4,$100-199,3.0,demo,4.0,4.0
SYNTHETIC-0115,18-24,"$50,000 - $74,999",Male,Employed full-time,high,yes,3.63,1,3,1,4,,,2.238,4.302,4.919,4.974,1.122,3.228,5.851,5.839,1.55,4.737,9.174,1.0,4.547,4.27,4.9,4.813,6.427,3.192,5.217,1.379,5.09,3.238,4.104,3.476,3.563,0.197,Bachelor's degree,4,Not reported,English,Northeast,Middle Atlantic,3-5 years,4,$100-199,3.0,demo,4.0,4.0
SYNTHETIC-0116,65 or older,"$75,000 - $99,999",Male,"Not in the labor force (e.g., homemaker, caregiver)",low,no,4.522,6,4,1,2,,,5.08,4.118,4.677,4.212,4.884,5.134,2.592,3.194,3.163,2.72,4.338,2.369,4.855,3.131,3.61,4.36,2.526,4.491,2.655,3.544,3.026,5.145,3.574,4.92,1.34,0.924,Bachelor's degree,4,Not reported,English,Northeast,Middle Atlantic,3-5 years,4,$100-199,3.0,demo,4.0,4.0
SYNTHETIC-0117,65 or older,"$100,000 - $149,000",Male,Unemployed and looking for work,medium,yes,3.595,6,5,1,2,,,4.335,5.558,3.908,4.549,3.475,5.021,2.092,2.644,5.568,5.339,8.462,2.245,2.695,3.087,2.5,3.236,5.543,4.805,5.183,5.089,3.424,4.411,1.408,6.489,7.0,0.709,Bachelor's degree,4,Not reported,English,Northeast,Middle Atlantic,3-5 years,4,$100-199,3.0,demo,4.0,4.0
SYNTHETIC-0118,45-54,"Under $25,000",Male,"Not in the labor force (e.g., homemaker, caregiver)",medium,no,2.81,4,1,1,3,,,4.375,4.399,3.913,1.126,3.739,5.2,3.699,3.972,3.133,1.429,10.317,2.849,2.383,4.742,3.883,4.139,5.009,5.229,5.035,2.858,4.971,5.757,3.829,3.19,4.776,0.248,Bachelor's degree,4,Not reported,English,Northeast,Middle Atlantic,3-5 years,4,$100-199,3.0,demo,4.0,4.0
SYNTHETIC-0119,18-24,"Under $25,000",Female,Retired,low,no,3.121,1,1,1,5,,,4.131,2.364,2.166,3.922,3.422,3.128,3.831,3.61,4.563,4.006,3.958,2.258,3.313,4.982,4.832,2.83,2.578,2.904,3.687,4.003,6.026,5.468,4.84,6.041,3.521,0.499,Bachelor's degree,4,Not reported,English,Northeast,Middle Atlantic,3-5 years,4,$100-199,3.0,demo,4.0,4.0
SYNTHETIC-0120,35-44,"$200,000 or more",Female,Unemployed and looking for work,high,yes,4.729,3,7,1,2,,,5.685,3.107,2.208,3.808,6.836,6.024,4.294,3.791,2.701,1.173,5.583,2.182,4.039,3.153,4.542,2.864,3.153,3.181,5.318,4.348,3.484,4.224,3.41,5.748,4.045,0.482,Bachelor's degree,4,Not reported,English,Northeast,Middle Atlantic,3-5 years,4,$100-199,3.0,demo,4.0,4.0
SYNTHETIC-0121,45-54,"$200,000 or more",Male,Retired,low,no,5.298,4,7,1,5,,,2.11,3.318,2.556,3.402,5.066,3.121,5.286,3.599,5.209,4.807,2.579,2.63,2.429,6.133,3.988,5.171,6.074,4.258,4.301,4.555,4.29,5.589,3.598,5.233,3.847,0.185,Bachelor's degree,4,Not reported,English,Northeast,Middle Atlantic,3-5 years,4,$100-199,3.0,demo,4.0,4.0
SYNTHETIC-0122,55-64,"$200,000 or more",Male,Unemployed and looking for work,high,no,3.071,5,7,1,3,,,4.552,3.551,3.739,4.3,4.159,2.724,4.808,2.784,2.579,5.246,9.426,2.83,2.134,5.119,3.236,2.933,3.756,2.806,2.806,3.971,3.804,4.066,5.911,2.892,4.378,0.776,Bachelor's degree,4,Not reported,English,Northeast,Middle Atlantic,3-5 years,4,$100-199,3.0,demo,4.0,4.0
SYNTHETIC-0123,35-44,"$150,000 - $199,999",Female,Employed part-time,medium,yes,4.301,3,6,1,5,,,4.485,4.535,3.819,4.512,3.218,3.929,4.154,4.227,3.634,0.973,5.375,2.232,1.631,1.56,4.311,5.659,4.28,2.3,4.962,4.017,5.15,4.455,5.172,5.231,3.195,0.818,Bachelor's degree,4,Not reported,English,Northeast,Middle Atlantic,3-5 years,4,$100-199,3.0,demo,4.0,4.0
SYNTHETIC-0124,25-34,"$50,000 - $74,999",Female,Unemployed and looking for work,low,no,4.361,2,3,1,1,,,2.595,1.917,5.009,3.881,4.652,3.247,4.343,3.341,3.821,3.198,8.775,3.838,3.958,4.301,2.864,1.161,3.226,4.529,5.207,2.911,4.446,3.708,4.089,3.734,3.955,0.132,Bachelor's degree,4,Not reported,English,Northeast,Middle Atlantic,3-5 years,4,$100-199,3.0,demo,4.0,4.0
SYNTHETIC-0125,35-44,"$75,000 - $99,999",Female,Employed full-time,low,no,4.591,3,4,1,2,,,2.786,6.101,5.619,4.998,4.295,2.991,1.857,4.031,2.084,6.313,3.527,2.657,3.569,2.505,4.583,4.236,4.985,4.431,5.82,5.819,3.528,3.871,5.202,3.293,3.937,0.673,Bachelor's degree,4,Not reported,English,Northeast,Middle Atlantic,3-5 years,4,$100-199,3.0,demo,4.0,4.0
SYNTHETIC-0126,55-64,"Under $25,000",Female,Retired,low,no,6.41,5,1,1,3,,,2.003,5.636,4.396,4.663,5.437,6.079,4.354,4.526,3.855,1.465,2.651,2.758,3.132,3.984,2.283,3.964,2.979,5.108,4.793,4.805,5.752,2.715,4.021,4.578,6.016,0.565,Bachelor's degree,4,Not reported,English,Northeast,Middle Atlantic,3-5 years,4,$100-199,3.0,demo,4.0,4.0
SYNTHETIC-0127,55-64,"$100,000 - $149,000",Male,Student,high,yes,4.796,5,5,1,3,,,4.79,4.002,2.627,2.15,1.968,2.054,3.813,5.028,5.387,3.159,8.117,1.787,2.53,4.473,3.562,4.131,3.063,3.64,4.395,3.811,2.895,4.423,3.934,5.397,4.427,0.909,Bachelor's degree,4,Not reported,English,Northeast,Middle Atlantic,3-5 years,4,$100-199,3.0,demo,4.0,4.0
SYNTHETIC-0128,45-54,"$50,000 - $74,999",Male,Self-employed,medium,no,4.61,4,3,1,4,,,4.58,1.0,2.366,3.661,2.454,3.387,5.538,3.405,4.446,5.027,6.646,2.76,2.851,2.595,5.304,4.359,4.323,5.532,2.679,4.462,3.048,2.855,3.718,1.0,2.492,0.316,Bachelor's degree,4,Not reported,English,Northeast,Middle Atlantic,3-5 years,4,$100-199,3.0,demo,4.0,4.0
SYNTHETIC-0129,55-64,"$100,000 - $149,000",Male,"Not in the labor force (e.g., homemaker, caregiver)",high,yes,2.897,5,5,1,1,,,4.539,5.067,5.107,2.822,3.502,4.057,4.139,3.166,4.063,4.955,5.315,3.353,4.119,3.326,3.278,3.237,4.366,5.42,3.308,4.499,5.169,3.303,2.704,1.997,1.777,0.933,Bachelor's degree,4,Not reported,English,Northeast,Middle Atlantic,3-5 years,4,$100-199,3.0,demo,4.0,4.0
SYNTHETIC-0130,25-34,"$50,000 - $74,999",Female,Retired,high,yes,4.133,2,3,1,1,,,6.282,3.066,3.073,3.473,2.909,4.445,3.674,5.008,3.506,4.523,6.45,3.035,3.009,6.367,2.378,3.767,4.168,4.943,4.46,3.908,5.512,2.303,1.888,3.806,2.702,0.419,Bachelor's degree,4,Not reported,English,Northeast,Middle Atlantic,3-5 years,4,$100-199,3.0,demo,4.0,4.0
SYNTHETIC-0131,45-54,"$100,000 - $149,000",Male,Employed part-time,low,yes,5.264,4,5,1,4,,,1.855,4.815,4.797,5.233,5.025,2.726,3.959,4.033,3.7,5.198,9.482,2.709,3.12,6.844,1.023,3.86,4.505,3.867,5.587,3.888,4.44,6.486,5.368,2.409,3.849,0.331,Bachelor's degree,4,Not reported,English,Northeast,Middle Atlantic,3-5 years,4,$100-199,3.0,demo,4.0,4.0
SYNTHETIC-0132,65 or older,"$100,000 - $149,000",Male,"Not in the labor force (e.g., homemaker, caregiver)",medium,no,3.041,6,5,1,4,,,1.921,3.848,7.0,2.973,2.788,5.038,3.454,4.688,3.098,4.297,5.748,2.829,3.341,3.425,5.515,6.537,3.726,2.676,5.209,4.833,4.776,1.739,4.986,2.31,4.353,0.677,Bachelor's degree,4,Not reported,English,Northeast,Middle Atlantic,3-5 years,4,$100-199,3.0,demo,4.0,4.0
SYNTHETIC-0133,35-44,"$200,000 or more",Male,"Not in the labor force (e.g., homemaker, caregiver)",high,yes,3.216,3,7,1,5,,,4.334,3.099,4.032,4.661,6.545,4.218,5.623,3.781,3.213,3.192,2.79,4.085,3.609,5.465,3.977,4.64,3.87,3.763,2.19,3.414,5.373,4.48,5.797,4.12,5.826,0.322,Bachelor's degree,4,Not reported,English,Northeast,Middle Atlantic,3-5 years,4,$100-199,3.0,demo,4.0,4.0
SYNTHETIC-0134,25-34,"Under $25,000",Female,Employed part-time,high,no,3.594,2,1,1,3,,,4.198,4.144,1.853,4.765,4.354,3.772,3.074,4.205,3.692,2.311,9.194,2.92,3.061,5.381,2.741,3.83,4.233,4.948,3.108,2.386,4.663,3.951,2.814,2.477,3.176,0.564,Bachelor's degree,4,Not reported,English,Northeast,Middle Atlantic,3-5 years,4,$100-199,3.0,demo,4.0,4.0
SYNTHETIC-0135,35-44,"$100,000 - $149,000",Male,Employed part-time,low,no,3.506,3,5,1,3,,,3.12,5.586,4.34,5.185,3.382,4.356,3.969,2.694,3.033,2.621,7.199,3.812,1.299,3.837,4.284,4.646,4.388,3.459,1.769,2.622,3.139,2.024,5.273,3.611,3.798,0.653,Bachelor's degree,4,Not reported,English,Northeast,Middle Atlantic,3-5 years,4,$100-199,3.0,demo,4.0,4.0
SYNTHETIC-0136,45-54,"$25,000 - $49,999",Male,Employed full-time,high,no,3.348,4,2,1,1,,,3.737,2.798,4.136,5.189,5.459,2.788,3.974,4.774,5.322,4.187,9.427,2.188,3.452,2.644,2.427,2.666,2.94,4.472,6.112,3.994,4.064,4.362,5.276,3.289,4.551,0.63,Bachelor's degree,4,Not reported,English,Northeast,Middle Atlantic,3-5 years,4,$100-199,3.0,demo,4.0,4.0
SYNTHETIC-0137,45-54,"$150,000 - $199,999",Female,Unemployed and looking for work,low,yes,2.837,4,6,1,5,,,4.585,4.827,4.736,4.008,4.011,3.753,3.658,4.298,1.34,3.968,9.168,1.809,3.289,4.153,3.827,3.692,5.178,4.212,5.06,2.068,4.802,2.047,3.234,4.983,5.426,0.53,Bachelor's degree,4,Not reported,English,Northeast,Middle Atlantic,3-5 years,4,$100-199,3.0,demo,4.0,4.0
SYNTHETIC-0138,45-54,"$25,000 - $49,999",Female,Self-employed,high,no,5.304,4,2,1,4,,,2.206,5.63,4.614,4.096,3.175,4.939,3.203,3.022,3.504,2.991,5.32,1.692,3.698,3.274,4.582,2.879,4.574,4.32,5.599,3.17,1.0,3.975,1.6,3.283,6.18,0.063,Bachelor's degree,4,Not reported,English,Northeast,Middle Atlantic,3-5 years,4,$100-199,3.0,demo,4.0,4.0
SYNTHETIC-0139,65 or older,"$150,000 - $199,999",Male,Student,low,no,5.561,6,6,1,2,,,3.26,4.64,2.564,4.224,3.123,3.931,4.889,2.412,3.606,2.857,5.261,2.658,1.969,3.548,1.842,4.527,4.565,3.517,4.788,5.604,4.286,3.698,3.678,4.793,1.765,0.585,Bachelor's degree,4,Not reported,English,Northeast,Middle Atlantic,3-5 years,4,$100-199,3.0,demo,4.0,4.0
SYNTHETIC-0140,45-54,"$25,000 - $49,999",Female,Unemployed and looking for work,low,no,3.272,4,2,1,3,,,3.225,3.193,2.259,2.289,2.789,6.059,4.387,2.846,3.358,4.872,6.345,2.235,2.413,2.563,6.793,3.684,5.975,5.376,5.512,4.014,4.31,4.094,3.909,2.214,5.204,0.714,Bachelor's degree,4,Not reported,English,Northeast,Middle Atlantic,3-5 years,4,$100-199,3.0,demo,4.0,4.0
SYNTHETIC-0141,45-54,"$50,000 - $74,999",Male,Student,low,yes,4.816,4,3,1,2,,,6.167,5.045,2.812,3.068,4.91,3.738,3.06,6.366,1.779,1.694,7.875,4.773,2.794,4.816,6.126,4.441,2.401,4.552,6.111,4.482,4.446,3.806,4.184,3.412,5.243,0.203,Bachelor's degree,4,Not reported,English,Northeast,Middle Atlantic,3-5 years,4,$100-199,3.0,demo,4.0,4.0
SYNTHETIC-0142,45-54,"$150,000 - $199,999",Female,Unemployed and looking for work,high,no,3.824,4,6,1,3,,,4.817,5.253,5.769,4.57,4.562,5.74,5.478,3.198,3.996,1.114,11.422,3.213,2.403,2.817,4.98,2.576,4.044,2.52,3.049,3.408,2.723,2.145,3.494,4.657,3.761,0.375,Bachelor's degree,4,Not reported,English,Northeast,Middle Atlantic,3-5 years,4,$100-199,3.0,demo,4.0,4.0
SYNTHETIC-0143,35-44,"$50,000 - $74,999",Female,Self-employed,high,no,5.211,3,3,1,5,,,3.764,2.834,1.785,5.394,4.945,3.853,4.004,1.009,4.666,2.475,6.693,3.146,3.471,3.873,5.858,1.318,2.811,5.291,5.445,4.701,4.828,4.783,3.181,4.915,2.429,0.84,Bachelor's degree,4,Not reported,English,Northeast,Middle Atlantic,3-5 years,4,$100-199,3.0,demo,4.0,4.0
SYNTHETIC-0144,35-44,"Under $25,000",Female,"Not in the labor force (e.g., homemaker, caregiver)",high,yes,5.891,3,1,1,4,,,2.282,3.509,1.725,3.982,3.572,5.743,4.11,4.654,3.583,1.788,6.848,3.229,3.262,3.461,4.285,3.388,3.579,3.143,6.334,4.191,4.674,4.936,5.439,3.373,2.262,0.796,Bachelor's degree,4,Not reported,English,Northeast,Middle Atlantic,3-5 years,4,$100-199,3.0,demo,4.0,4.0
SYNTHETIC-0145,25-34,"$200,000 or more",Male,Employed full-time,high,no,4.441,2,7,1,2,,,2.875,4.414,6.414,4.032,3.728,3.508,4.969,3.959,5.645,3.915,7.766,3.852,2.386,3.101,3.08,3.718,4.128,2.283,4.731,3.981,3.199,2.441,3.945,4.429,3.666,0.563,Bachelor's degree,4,Not reported,English,Northeast,Middle Atlantic,3-5 years,4,$100-199,3.0,demo,4.0,4.0
SYNTHETIC-0146,45-54,"$75,000 - $99,999",Female,Employed part-time,low,yes,4.48,4,4,1,2,,,1.962,2.857,2.516,4.375,3.016,4.142,3.432,1.0,6.475,5.769,10.277,2.114,3.708,4.422,4.91,3.295,1.759,4.559,3.457,4.675,3.262,2.832,3.171,2.918,3.086,0.568,Bachelor's degree,4,Not reported,English,Northeast,Middle Atlantic,3-5 years,4,$100-199,3.0,demo,4.0,4.0
SYNTHETIC-0147,35-44,"$75,000 - $99,999",Female,"Not in the labor force (e.g., homemaker, caregiver)",medium,no,3.826,3,4,1,2,,,3.044,5.648,2.734,4.771,3.74,4.55,5.621,2.906,3.964,2.858,9.886,1.992,3.771,3.686,4.368,4.76,5.244,3.104,2.406,4.122,4.826,4.372,5.323,3.625,3.63,0.524,Bachelor's degree,4,Not reported,English,Northeast,Middle Atlantic,3-5 years,4,$100-199,3.0,demo,4.0,4.0
SYNTHETIC-0148,65 or older,"$150,000 - $199,999",Female,Employed full-time,high,no,3.801,6,6,1,5,,,1.0,5.71,6.034,2.689,2.223,4.93,4.411,7.0,2.809,3.055,8.094,1.386,2.988,1.0,4.806,4.207,3.591,5.112,2.727,4.289,2.606,4.07,2.946,3.156,3.14,0.784,Bachelor's degree,4,Not reported,English,Northeast,Middle Atlantic,3-5 years,4,$100-199,3.0,demo,4.0,4.0
SYNTHETIC-0149,65 or older,"$200,000 or more",Male,Self-employed,high,yes,4.7,6,7,1,3,,,4.136,4.431,5.217,4.23,2.036,3.01,4.483,7.0,4.112,3.339,5.492,4.387,3.619,3.111,2.481,5.441,3.361,4.993,4.062,4.296,4.715,3.383,6.013,3.863,5.03,0.328,Bachelor's degree,4,Not reported,English,Northeast,Middle Atlantic,3-5 years,4,$100-199,3.0,demo,4.0,4.0
SYNTHETIC-0150,45-54,"$50,000 - $74,999",Female,Self-employed,medium,no,1.88,4,3,1,1,,,2.122,3.443,3.264,5.316,3.708,2.588,2.965,4.059,5.231,2.428,4.849,3.196,3.284,4.788,2.984,5.078,4.849,3.397,4.469,4.574,1.461,4.917,3.007,5.825,2.679,0.3,Bachelor's degree,4,Not reported,English,Northeast,Middle Atlantic,3-5 years,4,$100-199,3.0,demo,4.0,4.0
SYNTHETIC-0151,45-54,"$75,000 - $99,999",Male,Self-employed,medium,no,3.774,4,4,1,1,,,4.535,3.373,4.181,2.837,3.316,5.74,3.21,5.972,5.037,2.381,9.48,3.247,1.867,4.869,4.474,3.929,1.94,2.005,2.326,2.852,5.738,3.707,6.043,4.929,5.135,0.542,Bachelor's degree,4,Not reported,English,Northeast,Middle Atlantic,3-5 years,4,$100-199,3.0,demo,4.0,4.0
SYNTHETIC-0152,45-54,"$200,000 or more",Male,Retired,medium,no,6.833,4,7,1,2,,,4.406,4.371,4.449,5.36,3.949,5.122,3.714,3.734,3.701,5.288,5.438,2.109,3.915,2.56,4.81,4.904,3.47,5.58,4.686,2.968,2.384,3.629,4.462,3.091,4.886,0.517,Bachelor's degree,4,Not reported,English,Northeast,Middle Atlantic,3-5 years,4,$100-199,3.0,demo,4.0,4.0
SYNTHETIC-0153,65 or older,"$100,000 - $149,000",Female,Unemployed and looking for work,low,yes,4.18,6,5,1,3,,,3.581,5.581,6.004,2.388,3.211,3.231,4.252,4.45,3.248,1.789,7.5,1.616,1.236,3.493,2.714,4.035,3.784,1.617,6.975,4.345,2.702,4.632,5.079,3.915,3.553,0.624,Bachelor's degree,4,Not reported,English,Northeast,Middle Atlantic,3-5 years,4,$100-199,3.0,demo,4.0,4.0
SYNTHETIC-0154,25-34,"$25,000 - $49,999",Male,Retired,low,no,5.467,2,2,1,5,,,1.895,3.868,1.857,4.213,3.795,3.307,3.946,4.869,4.63,5.194,5.112,2.992,2.551,3.661,3.313,4.692,5.881,3.397,2.955,5.063,4.203,3.222,3.13,4.66,3.864,0.563,Bachelor's degree,4,Not reported,English,Northeast,Middle Atlantic,3-5 years,4,$100-199,3.0,demo,4.0,4.0
SYNTHETIC-0155,55-64,"$25,000 - $49,999",Male,Employed full-time,high,yes,4.005,5,2,1,3,,,1.0,5.651,3.033,2.78,5.351,4.269,4.411,2.076,1.0,3.674,7.698,3.464,2.879,5.314,4.157,3.775,3.924,3.581,5.769,5.096,3.627,5.243,1.0,6.658,3.478,0.539,Bachelor's degree,4,Not reported,English,Northeast,Middle Atlantic,3-5 years,4,$100-199,3.0,demo,4.0,4.0
SYNTHETIC-0156,25-34,"$50,000 - $74,999",Female,Retired,medium,no,3.279,2,3,1,3,,,3.346,4.052,4.529,2.977,1.685,2.237,1.478,3.485,3.801,3.648,4.856,2.194,3.604,2.849,2.816,1.766,5.022,6.639,4.812,5.722,2.391,4.797,4.739,2.947,6.959,0.579,Bachelor's degree,4,Not reported,English,Northeast,Middle Atlantic,3-5 years,4,$100-199,3.0,demo,4.0,4.0
SYNTHETIC-0157,35-44,"Under $25,000",Male,Employed full-time,low,no,3.203,3,1,1,1,,,2.927,4.357,1.942,6.634,3.254,4.638,3.241,5.015,5.273,0.647,5.627,4.37,2.847,4.997,3.603,3.872,3.693,3.977,3.956,2.438,4.708,4.091,1.399,3.838,4.545,0.547,Bachelor's degree,4,Not reported,English,Northeast,Middle Atlantic,3-5 years,4,$100-199,3.0,demo,4.0,4.0
SYNTHETIC-0158,55-64,"$25,000 - $49,999",Female,Unemployed and looking for work,high,no,1.758,5,2,1,1,,,3.8,3.74,3.779,3.986,4.096,5.012,3.494,4.062,2.968,5.759,7.527,2.093,1.474,6.383,4.166,4.048,4.155,5.504,5.1,3.747,5.556,3.262,4.441,2.677,5.88,0.347,Bachelor's degree,4,Not reported,English,Northeast,Middle Atlantic,3-5 years,4,$100-199,3.0,demo,4.0,4.0
SYNTHETIC-0159,45-54,"$100,000 - $149,000",Male,Self-employed,low,no,4.665,4,5,1,5,,,4.442,5.443,2.405,1.772,3.628,3.376,5.017,3.899,3.812,3.569,6.196,3.214,2.219,6.37,5.272,1.981,3.148,2.387,3.947,3.579,3.371,4.897,2.796,4.539,1.0,0.683,Bachelor's degree,4,Not reported,English,Northeast,Middle Atlantic,3-5 years,4,$100-199,3.0,demo,4.0,4.0
SYNTHETIC-0160,55-64,"$75,000 - $99,999",Female,Self-employed,medium,no,5.447,5,4,1,3,,,1.932,3.58,3.402,3.404,5.086,1.264,6.008,4.88,4.349,2.237,7.766,4.513,1.0,5.406,4.184,4.282,5.316,4.136,2.855,3.1,4.847,5.856,4.652,4.082,2.844,0.107,Bachelor's degree,4,Not reported,English,Northeast,Middle Atlantic,3-5 years,4,$100-199,3.0,demo,4.0,4.0
SYNTHETIC-0161,18-24,"$100,000 - $149,000",Male,"Not in the labor force (e.g., homemaker, caregiver)",medium,yes,3.261,1,5,1,4,,,2.989,5.154,3.453,2.628,1.426,4.888,2.152,3.939,5.863,3.389,6.131,3.417,3.511,4.208,2.804,4.42,4.197,5.153,3.132,5.115,3.916,4.054,2.966,6.107,4.406,0.615,Bachelor's degree,4,Not reported,English,Northeast,Middle Atlantic,3-5 years,4,$100-199,3.0,demo,4.0,4.0
SYNTHETIC-0162,35-44,"$150,000 - $199,999",Female,Retired,medium,no,3.163,3,6,1,2,,,5.469,3.658,5.79,1.118,3.937,2.087,4.497,5.037,4.39,6.086,6.291,2.054,3.277,2.111,1.752,4.927,3.175,3.991,4.875,3.295,4.549,3.064,2.315,3.098,3.277,0.223,Bachelor's degree,4,Not reported,English,Northeast,Middle Atlantic,3-5 years,4,$100-199,3.0,demo,4.0,4.0
SYNTHETIC-0163,35-44,"$75,000 - $99,999",Male,Retired,high,yes,4.123,3,4,1,1,,,2.92,3.687,5.093,4.361,4.405,3.657,3.67,6.787,1.368,3.238,5.515,3.47,2.448,4.643,4.559,1.0,3.198,3.825,1.212,5.75,3.649,2.253,4.551,4.182,4.635,0.431,Bachelor's degree,4,Not reported,English,Northeast,Middle Atlantic,3-5 years,4,$100-199,3.0,demo,4.0,4.0
SYNTHETIC-0164,65 or older,"$50,000 - $74,999",Female,Student,low,no,3.206,6,3,1,4,,,5.279,5.09,6.157,3.97,1.0,4.796,2.672,2.588,4.213,1.164,6.586,2.537,3.066,4.645,4.435,3.422,2.494,5.025,4.078,2.889,4.864,3.967,2.782,4.897,4.208,0.777,Bachelor's degree,4,Not reported,English,Northeast,Middle Atlantic,3-5 years,4,$100-199,3.0,demo,4.0,4.0
SYNTHETIC-0165,18-24,"$25,000 - $49,999",Male,Employed full-time,high,yes,5.049,1,2,1,5,,,2.178,3.031,4.902,5.418,1.984,5.727,5.457,4.372,2.398,3.892,10.101,2.939,3.703,4.185,3.754,4.518,3.273,2.424,5.359,3.824,1.583,4.436,5.545,2.606,2.936,0.29,Bachelor's degree,4,Not reported,English,Northeast,Middle Atlantic,3-5 years,4,$100-199,3.0,demo,4.0,4.0
SYNTHETIC-0166,65 or older,"$25,000 - $49,999",Female,Unemployed and looking for work,medium,no,5.618,6,2,1,4,,,2.502,2.423,3.574,2.071,5.607,4.394,3.231,5.673,5.122,2.159,5.386,3.973,2.163,2.659,4.299,1.437,6.581,5.355,3.213,4.632,5.393,3.742,3.993,3.548,4.85,0.649,Bachelor's degree,4,Not reported,English,Northeast,Middle Atlantic,3-5 years,4,$100-199,3.0,demo,4.0,4.0
SYNTHETIC-0167,25-34,"Under $25,000",Male,Retired,low,yes,6.449,2,1,1,3,,,5.063,2.976,3.975,3.958,3.372,3.929,3.235,2.164,4.72,2.185,9.806,2.767,2.217,3.365,3.521,2.815,6.429,2.973,3.114,2.993,2.786,3.121,4.376,2.218,2.479,0.49,Bachelor's degree,4,Not reported,English,Northeast,Middle Atlantic,3-5 years,4,$100-199,3.0,demo,4.0,4.0
SYNTHETIC-0168,65 or older,"Under $25,000",Male,"Not in the labor force (e.g., homemaker, caregiver)",low,no,3.596,6,1,1,5,,,4.634,4.8,6.259,3.84,4.094,5.763,4.296,4.7,2.921,5.013,6.507,3.029,2.921,4.531,3.198,5.667,2.849,3.242,5.024,2.949,1.539,3.693,5.979,6.74,2.983,0.548,Bachelor's degree,4,Not reported,English,Northeast,Middle Atlantic,3-5 years,4,$100-199,3.0,demo,4.0,4.0
SYNTHETIC-0169,18-24,"$200,000 or more",Male,Student,high,yes,3.624,1,7,1,1,,,5.394,2.27,4.245,3.588,4.753,1.711,4.712,3.033,3.567,1.634,9.625,2.752,1.206,5.36,5.945,3.551,4.178,5.725,2.688,5.426,4.945,3.16,3.907,4.483,4.288,0.048,Bachelor's degree,4,Not reported,English,Northeast,Middle Atlantic,3-5 years,4,$100-199,3.0,demo,4.0,4.0
SYNTHETIC-0170,65 or older,"$200,000 or more",Male,Employed part-time,high,no,6.791,6,7,1,1,,,2.467,5.808,5.78,5.102,5.435,6.262,5.099,5.707,3.606,2.421,7.18,2.236,1.688,2.197,2.917,4.853,4.756,5.846,3.051,3.5,4.271,2.268,4.204,6.614,3.508,0.461,Bachelor's degree,4,Not reported,English,Northeast,Middle Atlantic,3-5 years,4,$100-199,3.0,demo,4.0,4.0
SYNTHETIC-0171,45-54,"$75,000 - $99,999",Female,Self-employed,high,no,4.999,4,4,1,3,,,3.026,3.121,3.523,3.921,4.467,1.265,1.795,1.827,3.706,2.927,7.134,3.531,2.42,3.633,5.131,6.266,5.042,4.076,4.221,2.723,6.407,3.681,5.024,4.084,5.839,0.848,Bachelor's degree,4,Not reported,English,Northeast,Middle Atlantic,3-5 years,4,$100-199,3.0,demo,4.0,4.0
SYNTHETIC-0172,55-64,"$150,000 - $199,999",Female,Retired,low,no,4.357,5,6,1,2,,,3.165,4.009,4.653,3.67,6.065,2.596,4.4,3.124,3.203,3.4,7.561,2.653,2.908,5.331,3.242,4.633,5.184,5.17,3.561,4.235,2.848,3.52,2.701,3.466,3.561,0.469,Bachelor's degree,4,Not reported,English,Northeast,Middle Atlantic,3-5 years,4,$100-199,3.0,demo,4.0,4.0
SYNTHETIC-0173,45-54,"$100,000 - $149,000",Female,Retired,medium,yes,2.627,4,5,1,3,,,4.215,1.001,5.178,3.633,4.421,4.044,3.733,4.473,1.773,3.267,8.029,2.867,3.444,3.599,4.517,4.765,3.404,2.888,4.295,3.556,5.667,3.806,2.713,4.097,7.0,0.543,Bachelor's degree,4,Not reported,English,Northeast,Middle Atlantic,3-5 years,4,$100-199,3.0,demo,4.0,4.0
SYNTHETIC-0174,65 or older,"$150,000 - $199,999",Female,Employed part-time,low,no,3.186,6,6,1,1,,,2.339,3.45,4.584,3.115,3.762,2.8,5.701,4.457,4.358,2.888,8.236,4.031,2.514,1.349,3.936,1.64,4.859,5.44,6.229,4.7,3.935,4.782,4.05,5.154,3.459,0.557,Bachelor's degree,4,Not reported,English,Northeast,Middle Atlantic,3-5 years,4,$100-199,3.0,demo,4.0,4.0
SYNTHETIC-0175,25-34,"$75,000 - $99,999",Male,Employed part-time,high,no,3.296,2,4,1,2,,,4.74,7.0,3.476,3.26,3.882,6.322,2.221,5.12,1.769,3.107,4.314,2.915,3.168,3.189,5.615,4.036,5.621,1.998,1.647,4.824,4.683,3.984,3.128,4.071,3.669,0.495,Bachelor's degree,4,Not reported,English,Northeast,Middle Atlantic,3-5 years,4,$100-199,3.0,demo,4.0,4.0
SYNTHETIC-0176,25-34,"$75,000 - $99,999",Male,Unemployed and looking for work,low,yes,4.295,2,4,1,4,,,3.391,4.429,2.234,3.731,3.693,3.666,2.428,2.976,4.324,2.063,7.951,4.06,2.812,4.824,2.94,3.239,2.449,4.968,6.303,5.516,3.972,3.242,2.728,5.424,4.502,0.456,Bachelor's degree,4,Not reported,English,Northeast,Middle Atlantic,3-5 years,4,$100-199,3.0,demo,4.0,4.0
SYNTHETIC-0177,35-44,"$200,000 or more",Male,"Not in the labor force (e.g., homemaker, caregiver)",low,no,4.379,3,7,1,4,,,3.915,3.335,3.434,3.998,4.08,5.616,3.463,5.852,3.361,4.65,4.29,3.054,4.008,4.167,5.349,3.828,3.065,2.078,3.48,3.295,4.284,3.81,3.461,3.357,2.927,0.799,Bachelor's degree,4,Not reported,English,Northeast,Middle Atlantic,3-5 years,4,$100-199,3.0,demo,4.0,4.0
SYNTHETIC-0178,65 or older,"$25,000 - $49,999",Female,Retired,low,no,4.772,6,2,1,3,,,2.709,4.675,2.965,5.086,2.382,4.159,5.56,6.283,4.063,4.782,6.692,2.238,3.578,3.016,3.603,2.772,4.34,3.894,4.95,3.902,5.667,1.0,4.77,5.247,5.293,0.391,Bachelor's degree,4,Not reported,English,Northeast,Middle Atlantic,3-5 years,4,$100-199,3.0,demo,4.0,4.0
SYNTHETIC-0179,25-34,"Under $25,000",Male,Unemployed and looking for work,low,yes,4.541,2,1,1,2,,,4.67,4.861,3.343,3.103,5.322,2.27,5.15,4.73,1.705,4.081,6.623,2.769,2.968,3.753,3.248,3.902,3.378,3.752,1.222,3.679,6.198,3.757,7.0,4.89,3.595,0.638,Bachelor's degree,4,Not reported,English,Northeast,Middle Atlantic,3-5 years,4,$100-199,3.0,demo,4.0,4.0
SYNTHETIC-0180,18-24,"$25,000 - $49,999",Male,"Not in the labor force (e.g., homemaker, caregiver)",high,no,3.997,1,2,1,3,,,3.338,3.515,5.662,3.673,4.259,4.223,3.692,5.024,3.4,2.563,7.349,2.257,2.225,4.658,2.072,4.137,4.984,5.531,2.824,2.06,4.53,2.829,2.461,5.354,4.466,0.882,Bachelor's degree,4,Not reported,English,Northeast,Middle Atlantic,3-5 years,4,$100-199,3.0,demo,4.0,4.0
SYNTHETIC-0181,55-64,"$100,000 - $149,000",Female,Retired,high,no,3.98,5,5,1,2,,,4.623,3.425,3.958,3.519,2.943,3.959,7.0,3.286,3.594,3.72,6.389,3.174,2.921,5.023,4.182,4.752,2.893,3.484,4.363,2.671,4.845,5.488,3.376,4.305,1.85,0.778,Bachelor's degree,4,Not reported,English,Northeast,Middle Atlantic,3-5 years,4,$100-199,3.0,demo,4.0,4.0
SYNTHETIC-0182,35-44,"$75,000 - $99,999",Male,Unemployed and looking for work,medium,yes,3.892,3,4,1,3,,,4.065,3.645,2.89,5.546,3.522,6.951,3.569,5.109,5.03,2.261,4.558,4.176,2.55,3.848,5.102,3.828,5.313,4.176,3.507,5.383,5.617,6.159,3.277,4.651,6.296,0.586,Bachelor's degree,4,Not reported,English,Northeast,Middle Atlantic,3-5 years,4,$100-199,3.0,demo,4.0,4.0
SYNTHETIC-0183,45-54,"$200,000 or more",Female,Student,medium,no,2.587,4,7,1,2,,,3.353,4.639,5.676,2.803,3.647,3.891,6.528,4.617,3.268,6.325,3.509,2.776,3.829,3.171,4.282,3.577,2.656,2.872,2.816,4.798,3.405,4.011,2.26,5.156,2.921,0.651,Bachelor's degree,4,Not reported,English,Northeast,Middle Atlantic,3-5 years,4,$100-199,3.0,demo,4.0,4.0
SYNTHETIC-0184,65 or older,"Under $25,000",Male,Employed part-time,low,no,4.179,6,1,1,3,,,5.2,6.018,3.622,2.835,2.48,2.287,2.153,2.404,5.149,3.363,7.979,3.317,3.325,4.236,2.973,2.934,2.711,3.829,3.99,4.763,2.539,5.015,2.199,4.019,2.548,0.636,Bachelor's degree,4,Not reported,English,Northeast,Middle Atlantic,3-5 years,4,$100-199,3.0,demo,4.0,4.0
SYNTHETIC-0185,55-64,"$100,000 - $149,000",Female,Employed full-time,low,no,1.936,5,5,1,3,,,4.203,3.773,3.61,1.568,3.648,4.999,2.949,4.379,1.311,4.731,7.796,5.0,3.076,4.331,3.879,4.15,3.99,3.03,6.78,2.058,5.089,2.891,3.217,2.216,5.026,0.697,Bachelor's degree,4,Not reported,English,Northeast,Middle Atlantic,3-5 years,4,$100-199,3.0,demo,4.0,4.0
SYNTHETIC-0186,18-24,"$100,000 - $149,000",Female,Self-employed,high,yes,5.526,1,5,1,3,,,4.398,5.464,5.494,7.0,4.034,3.233,3.78,5.319,5.259,3.37,9.704,3.017,1.925,4.0,4.406,3.858,4.074,4.474,3.167,5.756,2.4,2.856,5.033,3.563,3.147,0.852,Bachelor's degree,4,Not reported,English,Northeast,Middle Atlantic,3-5 years,4,$100-199,3.0,demo,4.0,4.0
SYNTHETIC-0187,45-54,"$25,000 - $49,999",Male,Retired,low,no,2.117,4,2,1,1,,,3.738,4.108,4.087,6.003,2.995,3.936,5.227,2.989,4.124,2.119,5.284,3.451,2.849,4.441,2.669,3.943,3.526,2.781,5.333,4.497,3.716,3.677,3.465,2.985,3.677,0.602,Bachelor's degree,4,Not reported,English,Northeast,Middle Atlantic,3-5 years,4,$100-199,3.0,demo,4.0,4.0
SYNTHETIC-0188,35-44,"Under $25,000",Female,Self-employed,medium,yes,3.089,3,1,1,2,,,3.356,2.547,4.374,3.59,5.242,4.004,5.509,3.926,3.946,4.656,6.504,3.534,2.052,5.149,3.944,2.537,4.446,4.254,4.562,3.168,3.499,1.458,3.893,3.573,2.535,0.494,Bachelor's degree,4,Not reported,English,Northeast,Middle Atlantic,3-5 years,4,$100-199,3.0,demo,4.0,4.0
SYNTHETIC-0189,18-24,"$25,000 - $49,999",Male,Student,medium,no,4.572,1,2,1,4,,,3.935,4.073,4.05,4.015,3.9,5.03,5.354,5.549,3.809,4.397,7.631,3.644,2.93,3.869,3.619,4.045,4.711,2.352,1.358,3.081,3.39,3.036,7.0,4.549,5.307,0.728,Bachelor's degree,4,Not reported,English,Northeast,Middle Atlantic,3-5 years,4,$100-199,3.0,demo,4.0,4.0
SYNTHETIC-0190,35-44,"$75,000 - $99,999",Female,Student,medium,no,4.496,3,4,1,1,,,4.504,1.993,5.876,4.808,5.396,4.97,4.296,6.473,3.972,2.012,0.838,3.028,3.258,6.496,3.711,1.757,5.14,4.465,4.058,2.396,6.46,5.693,4.27,4.111,2.039,0.074,Bachelor's degree,4,Not reported,English,Northeast,Middle Atlantic,3-5 years,4,$100-199,3.0,demo,4.0,4.0
SYNTHETIC-0191,25-34,"$75,000 - $99,999",Female,Employed full-time,medium,yes,3.071,2,4,1,4,,,5.131,4.111,3.289,5.23,4.05,4.224,5.221,3.885,5.181,2.337,8.33,3.214,3.164,1.723,4.972,3.659,5.375,4.588,2.178,6.175,3.432,2.429,4.141,3.682,2.576,0.782,Bachelor's degree,4,Not reported,English,Northeast,Middle Atlantic,3-5 years,4,$100-199,3.0,demo,4.0,4.0
SYNTHETIC-0192,18-24,"$150,000 - $199,999",Female,Employed full-time,low,yes,3.684,1,6,1,2,,,6.127,4.713,4.198,4.629,6.979,5.127,3.331,5.097,4.723,2.098,1.38,1.983,2.046,4.898,3.106,4.68,2.876,5.478,2.828,3.356,4.808,3.635,4.37,2.416,6.298,0.519,Bachelor's degree,4,Not reported,English,Northeast,Middle Atlantic,3-5 years,4,$100-199,3.0,demo,4.0,4.0
SYNTHETIC-0193,18-24,"$25,000 - $49,999",Female,"Not in the labor force (e.g., homemaker, caregiver)",medium,yes,3.686,1,2,1,3,,,5.368,3.413,5.807,1.779,3.236,2.294,3.111,2.495,5.358,2.474,8.204,2.238,2.691,4.153,5.956,3.774,6.182,2.212,6.538,3.866,2.68,4.002,3.082,3.171,3.529,0.535,Bachelor's degree,4,Not reported,English,Northeast,Middle Atlantic,3-5 years,4,$100-199,3.0,demo,4.0,4.0
SYNTHETIC-0194,65 or older,"Under $25,000",Male,Employed part-time,low,no,6.219,6,1,1,4,,,4.375,4.608,7.0,4.075,4.302,5.343,3.941,5.698,1.623,3.349,3.144,1.526,3.174,5.251,4.087,5.364,4.264,3.624,4.149,2.611,4.871,3.055,4.717,3.823,1.65,0.446,Bachelor's degree,4,Not reported,English,Northeast,Middle Atlantic,3-5 years,4,$100-199,3.0,demo,4.0,4.0
SYNTHETIC-0195,25-34,"$50,000 - $74,999",Female,Student,medium,yes,5.402,2,3,1,3,,,4.476,3.343,4.535,4.85,3.975,3.781,3.415,3.097,4.308,1.65,7.926,2.715,2.621,2.987,4.277,5.053,4.526,3.248,5.628,2.609,3.763,5.219,5.919,4.286,5.739,0.409,Bachelor's degree,4,Not reported,English,Northeast,Middle Atlantic,3-5 years,4,$100-199,3.0,demo,4.0,4.0
SYNTHETIC-0196,25-34,"$25,000 - $49,999",Female,Employed part-time,high,no,4.607,2,2,1,5,,,4.656,3.285,5.001,1.69,4.752,3.865,3.801,3.948,3.901,4.736,7.995,1.963,3.322,4.596,3.737,5.304,5.263,4.296,5.381,2.886,5.908,5.148,3.203,4.54,4.537,0.483,Bachelor's degree,4,Not reported,English,Northeast,Middle Atlantic,3-5 years,4,$100-199,3.0,demo,4.0,4.0
SYNTHETIC-0197,25-34,"$25,000 - $49,999",Female,Self-employed,high,no,3.515,2,2,1,5,,,3.859,3.366,6.302,1.787,5.349,4.277,4.174,4.068,4.839,6.997,8.814,3.042,3.537,5.207,4.242,2.942,4.989,3.494,3.672,2.061,3.683,6.085,3.56,1.886,4.7,0.377,Bachelor's degree,4,Not reported,English,Northeast,Middle Atlantic,3-5 years,4,$100-199,3.0,demo,4.0,4.0
SYNTHETIC-0198,55-64,"$100,000 - $149,000",Female,Self-employed,high,no,4.071,5,5,1,4,,,5.446,3.519,3.287,3.567,4.719,4.625,5.325,4.799,5.709,5.056,5.7,3.798,3.953,2.928,5.22,4.015,4.196,2.026,5.263,3.884,5.305,7.0,3.533,4.461,4.638,0.533,Bachelor's degree,4,Not reported,English,Northeast,Middle Atlantic,3-5 years,4,$100-199,3.0,demo,4.0,4.0
SYNTHETIC-0199,55-64,"$50,000 - $74,999",Male,Student,medium,yes,1,5,3,1,2,,,5.165,3.439,4.211,3.223,4.015,3.055,4.57,4.469,3.852,2.479,3.987,1.839,3.242,5.196,1.546,4.12,4.507,2.51,2.463,3.053,3.282,5.279,2.345,1.963,3.598,0.617,Bachelor's degree,4,Not reported,English,Northeast,Middle Atlantic,3-5 years,4,$100-199,3.0,demo,4.0,4.0
